[2025-05-27T07:58:26.604+0000] {processor.py:186} INFO - Started process (PID=289) to work on /opt/airflow/dags/pipeline.py
[2025-05-27T07:58:26.606+0000] {processor.py:914} INFO - Processing file /opt/airflow/dags/pipeline.py for tasks to queue
[2025-05-27T07:58:26.612+0000] {logging_mixin.py:190} INFO - [2025-05-27T07:58:26.611+0000] {dagbag.py:588} INFO - Filling up the DagBag from /opt/airflow/dags/pipeline.py
[2025-05-27T07:58:26.669+0000] {processor.py:925} INFO - DAG(s) 'pipeline' retrieved from /opt/airflow/dags/pipeline.py
[2025-05-27T07:58:26.852+0000] {logging_mixin.py:190} INFO - [2025-05-27T07:58:26.852+0000] {override.py:1930} INFO - Created Permission View: can delete on DAG:pipeline
[2025-05-27T07:58:26.866+0000] {logging_mixin.py:190} INFO - [2025-05-27T07:58:26.866+0000] {override.py:1930} INFO - Created Permission View: can edit on DAG:pipeline
[2025-05-27T07:58:26.873+0000] {logging_mixin.py:190} INFO - [2025-05-27T07:58:26.873+0000] {override.py:1930} INFO - Created Permission View: can read on DAG:pipeline
[2025-05-27T07:58:26.883+0000] {logging_mixin.py:190} INFO - [2025-05-27T07:58:26.883+0000] {override.py:1930} INFO - Created Permission View: can delete on DAG Run:pipeline
[2025-05-27T07:58:26.895+0000] {logging_mixin.py:190} INFO - [2025-05-27T07:58:26.894+0000] {override.py:1930} INFO - Created Permission View: can create on DAG Run:pipeline
[2025-05-27T07:58:26.904+0000] {logging_mixin.py:190} INFO - [2025-05-27T07:58:26.904+0000] {override.py:1930} INFO - Created Permission View: menu access on DAG Run:pipeline
[2025-05-27T07:58:26.911+0000] {logging_mixin.py:190} INFO - [2025-05-27T07:58:26.911+0000] {override.py:1930} INFO - Created Permission View: can read on DAG Run:pipeline
[2025-05-27T07:58:26.912+0000] {logging_mixin.py:190} INFO - [2025-05-27T07:58:26.912+0000] {dag.py:3239} INFO - Sync 1 DAGs
[2025-05-27T07:58:26.927+0000] {logging_mixin.py:190} INFO - [2025-05-27T07:58:26.927+0000] {dag.py:3262} INFO - Creating ORM DAG for pipeline
[2025-05-27T07:58:26.942+0000] {logging_mixin.py:190} INFO - [2025-05-27T07:58:26.941+0000] {dag.py:4180} INFO - Setting next_dagrun for pipeline to 2025-05-26 00:00:00+00:00, run_after=2025-05-27 00:00:00+00:00
[2025-05-27T07:58:26.964+0000] {processor.py:208} INFO - Processing /opt/airflow/dags/pipeline.py took 0.370 seconds
[2025-05-27T07:58:57.392+0000] {processor.py:186} INFO - Started process (PID=294) to work on /opt/airflow/dags/pipeline.py
[2025-05-27T07:58:57.393+0000] {processor.py:914} INFO - Processing file /opt/airflow/dags/pipeline.py for tasks to queue
[2025-05-27T07:58:57.395+0000] {logging_mixin.py:190} INFO - [2025-05-27T07:58:57.395+0000] {dagbag.py:588} INFO - Filling up the DagBag from /opt/airflow/dags/pipeline.py
[2025-05-27T07:58:57.414+0000] {processor.py:925} INFO - DAG(s) 'pipeline' retrieved from /opt/airflow/dags/pipeline.py
[2025-05-27T07:58:57.437+0000] {logging_mixin.py:190} INFO - [2025-05-27T07:58:57.437+0000] {dag.py:3239} INFO - Sync 1 DAGs
[2025-05-27T07:58:57.457+0000] {logging_mixin.py:190} INFO - [2025-05-27T07:58:57.457+0000] {dag.py:4180} INFO - Setting next_dagrun for pipeline to 2025-05-26 00:00:00+00:00, run_after=2025-05-27 00:00:00+00:00
[2025-05-27T07:58:57.481+0000] {processor.py:208} INFO - Processing /opt/airflow/dags/pipeline.py took 0.097 seconds
[2025-05-27T07:59:27.684+0000] {processor.py:186} INFO - Started process (PID=299) to work on /opt/airflow/dags/pipeline.py
[2025-05-27T07:59:27.685+0000] {processor.py:914} INFO - Processing file /opt/airflow/dags/pipeline.py for tasks to queue
[2025-05-27T07:59:27.688+0000] {logging_mixin.py:190} INFO - [2025-05-27T07:59:27.688+0000] {dagbag.py:588} INFO - Filling up the DagBag from /opt/airflow/dags/pipeline.py
[2025-05-27T07:59:27.717+0000] {processor.py:925} INFO - DAG(s) 'pipeline' retrieved from /opt/airflow/dags/pipeline.py
[2025-05-27T07:59:27.743+0000] {logging_mixin.py:190} INFO - [2025-05-27T07:59:27.743+0000] {dag.py:3239} INFO - Sync 1 DAGs
[2025-05-27T07:59:27.764+0000] {logging_mixin.py:190} INFO - [2025-05-27T07:59:27.764+0000] {dag.py:4180} INFO - Setting next_dagrun for pipeline to 2025-05-26 00:00:00+00:00, run_after=2025-05-27 00:00:00+00:00
[2025-05-27T07:59:27.788+0000] {processor.py:208} INFO - Processing /opt/airflow/dags/pipeline.py took 0.109 seconds
[2025-05-27T07:59:44.940+0000] {processor.py:186} INFO - Started process (PID=304) to work on /opt/airflow/dags/pipeline.py
[2025-05-27T07:59:44.941+0000] {processor.py:914} INFO - Processing file /opt/airflow/dags/pipeline.py for tasks to queue
[2025-05-27T07:59:44.945+0000] {logging_mixin.py:190} INFO - [2025-05-27T07:59:44.944+0000] {dagbag.py:588} INFO - Filling up the DagBag from /opt/airflow/dags/pipeline.py
[2025-05-27T07:59:44.986+0000] {logging_mixin.py:190} INFO - [2025-05-27T07:59:44.979+0000] {dagbag.py:387} ERROR - Failed to import: /opt/airflow/dags/pipeline.py
Traceback (most recent call last):
  File "/home/airflow/.local/lib/python3.12/site-packages/airflow/models/dagbag.py", line 383, in parse
    loader.exec_module(new_module)
  File "<frozen importlib._bootstrap_external>", line 999, in exec_module
  File "<frozen importlib._bootstrap>", line 488, in _call_with_frames_removed
  File "/opt/airflow/dags/pipeline.py", line 34, in <module>
    create_bucket = BashOperator(
                   ^^^^^^^^^^^^^
  File "/home/airflow/.local/lib/python3.12/site-packages/airflow/models/baseoperator.py", line 491, in apply_defaults
    raise AirflowException(f"missing keyword argument {missing_args.pop()!r}")
airflow.exceptions.AirflowException: missing keyword argument 'bash_command'
[2025-05-27T07:59:44.988+0000] {processor.py:927} WARNING - No viable dags retrieved from /opt/airflow/dags/pipeline.py
[2025-05-27T07:59:45.013+0000] {processor.py:208} INFO - Processing /opt/airflow/dags/pipeline.py took 0.078 seconds
[2025-05-27T07:59:55.158+0000] {processor.py:186} INFO - Started process (PID=309) to work on /opt/airflow/dags/pipeline.py
[2025-05-27T07:59:55.159+0000] {processor.py:914} INFO - Processing file /opt/airflow/dags/pipeline.py for tasks to queue
[2025-05-27T07:59:55.161+0000] {logging_mixin.py:190} INFO - [2025-05-27T07:59:55.161+0000] {dagbag.py:588} INFO - Filling up the DagBag from /opt/airflow/dags/pipeline.py
[2025-05-27T07:59:55.188+0000] {processor.py:925} INFO - DAG(s) 'pipeline' retrieved from /opt/airflow/dags/pipeline.py
[2025-05-27T07:59:55.282+0000] {logging_mixin.py:190} INFO - [2025-05-27T07:59:55.281+0000] {dag.py:3239} INFO - Sync 1 DAGs
[2025-05-27T07:59:55.301+0000] {logging_mixin.py:190} INFO - [2025-05-27T07:59:55.301+0000] {dag.py:4180} INFO - Setting next_dagrun for pipeline to 2025-05-26 00:00:00+00:00, run_after=2025-05-27 00:00:00+00:00
[2025-05-27T07:59:55.331+0000] {processor.py:208} INFO - Processing /opt/airflow/dags/pipeline.py took 0.177 seconds
[2025-05-27T07:59:57.212+0000] {processor.py:186} INFO - Started process (PID=314) to work on /opt/airflow/dags/pipeline.py
[2025-05-27T07:59:57.213+0000] {processor.py:914} INFO - Processing file /opt/airflow/dags/pipeline.py for tasks to queue
[2025-05-27T07:59:57.215+0000] {logging_mixin.py:190} INFO - [2025-05-27T07:59:57.215+0000] {dagbag.py:588} INFO - Filling up the DagBag from /opt/airflow/dags/pipeline.py
[2025-05-27T07:59:57.257+0000] {processor.py:925} INFO - DAG(s) 'pipeline' retrieved from /opt/airflow/dags/pipeline.py
[2025-05-27T07:59:57.267+0000] {logging_mixin.py:190} INFO - [2025-05-27T07:59:57.267+0000] {dag.py:3239} INFO - Sync 1 DAGs
[2025-05-27T07:59:57.285+0000] {logging_mixin.py:190} INFO - [2025-05-27T07:59:57.285+0000] {dag.py:4180} INFO - Setting next_dagrun for pipeline to 2025-05-26 00:00:00+00:00, run_after=2025-05-27 00:00:00+00:00
[2025-05-27T07:59:57.314+0000] {processor.py:208} INFO - Processing /opt/airflow/dags/pipeline.py took 0.105 seconds
[2025-05-27T08:00:27.663+0000] {processor.py:186} INFO - Started process (PID=319) to work on /opt/airflow/dags/pipeline.py
[2025-05-27T08:00:27.664+0000] {processor.py:914} INFO - Processing file /opt/airflow/dags/pipeline.py for tasks to queue
[2025-05-27T08:00:27.667+0000] {logging_mixin.py:190} INFO - [2025-05-27T08:00:27.666+0000] {dagbag.py:588} INFO - Filling up the DagBag from /opt/airflow/dags/pipeline.py
[2025-05-27T08:00:27.703+0000] {processor.py:925} INFO - DAG(s) 'pipeline' retrieved from /opt/airflow/dags/pipeline.py
[2025-05-27T08:00:27.725+0000] {logging_mixin.py:190} INFO - [2025-05-27T08:00:27.725+0000] {dag.py:3239} INFO - Sync 1 DAGs
[2025-05-27T08:00:27.745+0000] {logging_mixin.py:190} INFO - [2025-05-27T08:00:27.745+0000] {dag.py:4180} INFO - Setting next_dagrun for pipeline to 2025-05-26 00:00:00+00:00, run_after=2025-05-27 00:00:00+00:00
[2025-05-27T08:00:27.760+0000] {processor.py:208} INFO - Processing /opt/airflow/dags/pipeline.py took 0.102 seconds
[2025-05-27T08:00:58.187+0000] {processor.py:186} INFO - Started process (PID=324) to work on /opt/airflow/dags/pipeline.py
[2025-05-27T08:00:58.188+0000] {processor.py:914} INFO - Processing file /opt/airflow/dags/pipeline.py for tasks to queue
[2025-05-27T08:00:58.190+0000] {logging_mixin.py:190} INFO - [2025-05-27T08:00:58.190+0000] {dagbag.py:588} INFO - Filling up the DagBag from /opt/airflow/dags/pipeline.py
[2025-05-27T08:00:58.209+0000] {processor.py:925} INFO - DAG(s) 'pipeline' retrieved from /opt/airflow/dags/pipeline.py
[2025-05-27T08:00:58.230+0000] {logging_mixin.py:190} INFO - [2025-05-27T08:00:58.230+0000] {dag.py:3239} INFO - Sync 1 DAGs
[2025-05-27T08:00:58.249+0000] {logging_mixin.py:190} INFO - [2025-05-27T08:00:58.249+0000] {dag.py:4180} INFO - Setting next_dagrun for pipeline to 2025-05-26 00:00:00+00:00, run_after=2025-05-27 00:00:00+00:00
[2025-05-27T08:00:58.265+0000] {processor.py:208} INFO - Processing /opt/airflow/dags/pipeline.py took 0.082 seconds
[2025-05-27T08:01:21.429+0000] {processor.py:186} INFO - Started process (PID=329) to work on /opt/airflow/dags/pipeline.py
[2025-05-27T08:01:21.430+0000] {processor.py:914} INFO - Processing file /opt/airflow/dags/pipeline.py for tasks to queue
[2025-05-27T08:01:21.432+0000] {logging_mixin.py:190} INFO - [2025-05-27T08:01:21.431+0000] {dagbag.py:588} INFO - Filling up the DagBag from /opt/airflow/dags/pipeline.py
[2025-05-27T08:01:21.458+0000] {processor.py:925} INFO - DAG(s) 'pipeline' retrieved from /opt/airflow/dags/pipeline.py
[2025-05-27T08:01:21.557+0000] {logging_mixin.py:190} INFO - [2025-05-27T08:01:21.557+0000] {dag.py:3239} INFO - Sync 1 DAGs
[2025-05-27T08:01:21.573+0000] {logging_mixin.py:190} INFO - [2025-05-27T08:01:21.573+0000] {dag.py:4180} INFO - Setting next_dagrun for pipeline to 2025-05-26 00:00:00+00:00, run_after=2025-05-27 00:00:00+00:00
[2025-05-27T08:01:21.598+0000] {processor.py:208} INFO - Processing /opt/airflow/dags/pipeline.py took 0.174 seconds
[2025-05-27T08:01:24.525+0000] {processor.py:186} INFO - Started process (PID=334) to work on /opt/airflow/dags/pipeline.py
[2025-05-27T08:01:24.526+0000] {processor.py:914} INFO - Processing file /opt/airflow/dags/pipeline.py for tasks to queue
[2025-05-27T08:01:24.528+0000] {logging_mixin.py:190} INFO - [2025-05-27T08:01:24.527+0000] {dagbag.py:588} INFO - Filling up the DagBag from /opt/airflow/dags/pipeline.py
[2025-05-27T08:01:24.557+0000] {processor.py:925} INFO - DAG(s) 'pipeline' retrieved from /opt/airflow/dags/pipeline.py
[2025-05-27T08:01:24.567+0000] {logging_mixin.py:190} INFO - [2025-05-27T08:01:24.567+0000] {dag.py:3239} INFO - Sync 1 DAGs
[2025-05-27T08:01:24.583+0000] {logging_mixin.py:190} INFO - [2025-05-27T08:01:24.583+0000] {dag.py:4180} INFO - Setting next_dagrun for pipeline to 2025-05-26 00:00:00+00:00, run_after=2025-05-27 00:00:00+00:00
[2025-05-27T08:01:24.605+0000] {processor.py:208} INFO - Processing /opt/airflow/dags/pipeline.py took 0.085 seconds
[2025-05-27T08:01:54.850+0000] {processor.py:186} INFO - Started process (PID=347) to work on /opt/airflow/dags/pipeline.py
[2025-05-27T08:01:54.851+0000] {processor.py:914} INFO - Processing file /opt/airflow/dags/pipeline.py for tasks to queue
[2025-05-27T08:01:54.856+0000] {logging_mixin.py:190} INFO - [2025-05-27T08:01:54.855+0000] {dagbag.py:588} INFO - Filling up the DagBag from /opt/airflow/dags/pipeline.py
[2025-05-27T08:01:54.878+0000] {processor.py:925} INFO - DAG(s) 'pipeline' retrieved from /opt/airflow/dags/pipeline.py
[2025-05-27T08:01:54.988+0000] {logging_mixin.py:190} INFO - [2025-05-27T08:01:54.987+0000] {dag.py:3239} INFO - Sync 1 DAGs
[2025-05-27T08:01:55.005+0000] {logging_mixin.py:190} INFO - [2025-05-27T08:01:55.005+0000] {dag.py:4180} INFO - Setting next_dagrun for pipeline to 2025-05-27 00:00:00+00:00, run_after=2025-05-28 00:00:00+00:00
[2025-05-27T08:01:55.024+0000] {processor.py:208} INFO - Processing /opt/airflow/dags/pipeline.py took 0.182 seconds
[2025-05-27T08:02:25.123+0000] {processor.py:186} INFO - Started process (PID=352) to work on /opt/airflow/dags/pipeline.py
[2025-05-27T08:02:25.124+0000] {processor.py:914} INFO - Processing file /opt/airflow/dags/pipeline.py for tasks to queue
[2025-05-27T08:02:25.126+0000] {logging_mixin.py:190} INFO - [2025-05-27T08:02:25.126+0000] {dagbag.py:588} INFO - Filling up the DagBag from /opt/airflow/dags/pipeline.py
[2025-05-27T08:02:25.153+0000] {processor.py:925} INFO - DAG(s) 'pipeline' retrieved from /opt/airflow/dags/pipeline.py
[2025-05-27T08:02:25.176+0000] {logging_mixin.py:190} INFO - [2025-05-27T08:02:25.176+0000] {dag.py:3239} INFO - Sync 1 DAGs
[2025-05-27T08:02:25.198+0000] {logging_mixin.py:190} INFO - [2025-05-27T08:02:25.198+0000] {dag.py:4180} INFO - Setting next_dagrun for pipeline to 2025-05-27 00:00:00+00:00, run_after=2025-05-28 00:00:00+00:00
[2025-05-27T08:02:25.215+0000] {processor.py:208} INFO - Processing /opt/airflow/dags/pipeline.py took 0.097 seconds
[2025-05-27T08:02:55.542+0000] {processor.py:186} INFO - Started process (PID=357) to work on /opt/airflow/dags/pipeline.py
[2025-05-27T08:02:55.543+0000] {processor.py:914} INFO - Processing file /opt/airflow/dags/pipeline.py for tasks to queue
[2025-05-27T08:02:55.546+0000] {logging_mixin.py:190} INFO - [2025-05-27T08:02:55.545+0000] {dagbag.py:588} INFO - Filling up the DagBag from /opt/airflow/dags/pipeline.py
[2025-05-27T08:02:55.609+0000] {processor.py:925} INFO - DAG(s) 'pipeline' retrieved from /opt/airflow/dags/pipeline.py
[2025-05-27T08:02:55.641+0000] {logging_mixin.py:190} INFO - [2025-05-27T08:02:55.641+0000] {dag.py:3239} INFO - Sync 1 DAGs
[2025-05-27T08:02:55.659+0000] {logging_mixin.py:190} INFO - [2025-05-27T08:02:55.659+0000] {dag.py:4180} INFO - Setting next_dagrun for pipeline to 2025-05-27 00:00:00+00:00, run_after=2025-05-28 00:00:00+00:00
[2025-05-27T08:02:55.676+0000] {processor.py:208} INFO - Processing /opt/airflow/dags/pipeline.py took 0.140 seconds
[2025-05-27T08:03:25.943+0000] {processor.py:186} INFO - Started process (PID=362) to work on /opt/airflow/dags/pipeline.py
[2025-05-27T08:03:25.947+0000] {processor.py:914} INFO - Processing file /opt/airflow/dags/pipeline.py for tasks to queue
[2025-05-27T08:03:25.957+0000] {logging_mixin.py:190} INFO - [2025-05-27T08:03:25.956+0000] {dagbag.py:588} INFO - Filling up the DagBag from /opt/airflow/dags/pipeline.py
[2025-05-27T08:03:26.041+0000] {processor.py:925} INFO - DAG(s) 'pipeline' retrieved from /opt/airflow/dags/pipeline.py
[2025-05-27T08:03:26.113+0000] {logging_mixin.py:190} INFO - [2025-05-27T08:03:26.113+0000] {dag.py:3239} INFO - Sync 1 DAGs
[2025-05-27T08:03:26.156+0000] {logging_mixin.py:190} INFO - [2025-05-27T08:03:26.156+0000] {dag.py:4180} INFO - Setting next_dagrun for pipeline to 2025-05-27 00:00:00+00:00, run_after=2025-05-28 00:00:00+00:00
[2025-05-27T08:03:26.186+0000] {processor.py:208} INFO - Processing /opt/airflow/dags/pipeline.py took 0.269 seconds
[2025-05-27T08:03:56.488+0000] {processor.py:186} INFO - Started process (PID=367) to work on /opt/airflow/dags/pipeline.py
[2025-05-27T08:03:56.492+0000] {processor.py:914} INFO - Processing file /opt/airflow/dags/pipeline.py for tasks to queue
[2025-05-27T08:03:56.499+0000] {logging_mixin.py:190} INFO - [2025-05-27T08:03:56.498+0000] {dagbag.py:588} INFO - Filling up the DagBag from /opt/airflow/dags/pipeline.py
[2025-05-27T08:03:56.559+0000] {processor.py:925} INFO - DAG(s) 'pipeline' retrieved from /opt/airflow/dags/pipeline.py
[2025-05-27T08:03:56.613+0000] {logging_mixin.py:190} INFO - [2025-05-27T08:03:56.613+0000] {dag.py:3239} INFO - Sync 1 DAGs
[2025-05-27T08:03:56.644+0000] {logging_mixin.py:190} INFO - [2025-05-27T08:03:56.644+0000] {dag.py:4180} INFO - Setting next_dagrun for pipeline to 2025-05-27 00:00:00+00:00, run_after=2025-05-28 00:00:00+00:00
[2025-05-27T08:03:56.682+0000] {processor.py:208} INFO - Processing /opt/airflow/dags/pipeline.py took 0.214 seconds
[2025-05-27T08:04:26.780+0000] {processor.py:186} INFO - Started process (PID=372) to work on /opt/airflow/dags/pipeline.py
[2025-05-27T08:04:26.782+0000] {processor.py:914} INFO - Processing file /opt/airflow/dags/pipeline.py for tasks to queue
[2025-05-27T08:04:26.785+0000] {logging_mixin.py:190} INFO - [2025-05-27T08:04:26.784+0000] {dagbag.py:588} INFO - Filling up the DagBag from /opt/airflow/dags/pipeline.py
[2025-05-27T08:04:26.807+0000] {processor.py:925} INFO - DAG(s) 'pipeline' retrieved from /opt/airflow/dags/pipeline.py
[2025-05-27T08:04:26.838+0000] {logging_mixin.py:190} INFO - [2025-05-27T08:04:26.837+0000] {dag.py:3239} INFO - Sync 1 DAGs
[2025-05-27T08:04:26.859+0000] {logging_mixin.py:190} INFO - [2025-05-27T08:04:26.859+0000] {dag.py:4180} INFO - Setting next_dagrun for pipeline to 2025-05-27 00:00:00+00:00, run_after=2025-05-28 00:00:00+00:00
[2025-05-27T08:04:26.883+0000] {processor.py:208} INFO - Processing /opt/airflow/dags/pipeline.py took 0.109 seconds
[2025-05-27T08:04:57.060+0000] {processor.py:186} INFO - Started process (PID=377) to work on /opt/airflow/dags/pipeline.py
[2025-05-27T08:04:57.061+0000] {processor.py:914} INFO - Processing file /opt/airflow/dags/pipeline.py for tasks to queue
[2025-05-27T08:04:57.064+0000] {logging_mixin.py:190} INFO - [2025-05-27T08:04:57.064+0000] {dagbag.py:588} INFO - Filling up the DagBag from /opt/airflow/dags/pipeline.py
[2025-05-27T08:04:57.183+0000] {processor.py:925} INFO - DAG(s) 'pipeline' retrieved from /opt/airflow/dags/pipeline.py
[2025-05-27T08:04:57.210+0000] {logging_mixin.py:190} INFO - [2025-05-27T08:04:57.210+0000] {dag.py:3239} INFO - Sync 1 DAGs
[2025-05-27T08:04:57.234+0000] {logging_mixin.py:190} INFO - [2025-05-27T08:04:57.233+0000] {dag.py:4180} INFO - Setting next_dagrun for pipeline to 2025-05-27 00:00:00+00:00, run_after=2025-05-28 00:00:00+00:00
[2025-05-27T08:04:57.315+0000] {processor.py:208} INFO - Processing /opt/airflow/dags/pipeline.py took 0.261 seconds
[2025-05-27T08:05:27.535+0000] {processor.py:186} INFO - Started process (PID=382) to work on /opt/airflow/dags/pipeline.py
[2025-05-27T08:05:27.537+0000] {processor.py:914} INFO - Processing file /opt/airflow/dags/pipeline.py for tasks to queue
[2025-05-27T08:05:27.539+0000] {logging_mixin.py:190} INFO - [2025-05-27T08:05:27.539+0000] {dagbag.py:588} INFO - Filling up the DagBag from /opt/airflow/dags/pipeline.py
[2025-05-27T08:05:27.565+0000] {processor.py:925} INFO - DAG(s) 'pipeline' retrieved from /opt/airflow/dags/pipeline.py
[2025-05-27T08:05:27.587+0000] {logging_mixin.py:190} INFO - [2025-05-27T08:05:27.587+0000] {dag.py:3239} INFO - Sync 1 DAGs
[2025-05-27T08:05:27.606+0000] {logging_mixin.py:190} INFO - [2025-05-27T08:05:27.606+0000] {dag.py:4180} INFO - Setting next_dagrun for pipeline to 2025-05-27 00:00:00+00:00, run_after=2025-05-28 00:00:00+00:00
[2025-05-27T08:05:27.623+0000] {processor.py:208} INFO - Processing /opt/airflow/dags/pipeline.py took 0.095 seconds
[2025-05-27T08:05:57.978+0000] {processor.py:186} INFO - Started process (PID=387) to work on /opt/airflow/dags/pipeline.py
[2025-05-27T08:05:57.979+0000] {processor.py:914} INFO - Processing file /opt/airflow/dags/pipeline.py for tasks to queue
[2025-05-27T08:05:57.980+0000] {logging_mixin.py:190} INFO - [2025-05-27T08:05:57.980+0000] {dagbag.py:588} INFO - Filling up the DagBag from /opt/airflow/dags/pipeline.py
[2025-05-27T08:05:57.994+0000] {processor.py:925} INFO - DAG(s) 'pipeline' retrieved from /opt/airflow/dags/pipeline.py
[2025-05-27T08:05:58.015+0000] {logging_mixin.py:190} INFO - [2025-05-27T08:05:58.015+0000] {dag.py:3239} INFO - Sync 1 DAGs
[2025-05-27T08:05:58.034+0000] {logging_mixin.py:190} INFO - [2025-05-27T08:05:58.034+0000] {dag.py:4180} INFO - Setting next_dagrun for pipeline to 2025-05-27 00:00:00+00:00, run_after=2025-05-28 00:00:00+00:00
[2025-05-27T08:05:58.048+0000] {processor.py:208} INFO - Processing /opt/airflow/dags/pipeline.py took 0.074 seconds
[2025-05-27T08:06:28.289+0000] {processor.py:186} INFO - Started process (PID=392) to work on /opt/airflow/dags/pipeline.py
[2025-05-27T08:06:28.290+0000] {processor.py:914} INFO - Processing file /opt/airflow/dags/pipeline.py for tasks to queue
[2025-05-27T08:06:28.296+0000] {logging_mixin.py:190} INFO - [2025-05-27T08:06:28.295+0000] {dagbag.py:588} INFO - Filling up the DagBag from /opt/airflow/dags/pipeline.py
[2025-05-27T08:06:28.324+0000] {processor.py:925} INFO - DAG(s) 'pipeline' retrieved from /opt/airflow/dags/pipeline.py
[2025-05-27T08:06:28.370+0000] {logging_mixin.py:190} INFO - [2025-05-27T08:06:28.370+0000] {dag.py:3239} INFO - Sync 1 DAGs
[2025-05-27T08:06:28.398+0000] {logging_mixin.py:190} INFO - [2025-05-27T08:06:28.397+0000] {dag.py:4180} INFO - Setting next_dagrun for pipeline to 2025-05-27 00:00:00+00:00, run_after=2025-05-28 00:00:00+00:00
[2025-05-27T08:06:28.415+0000] {processor.py:208} INFO - Processing /opt/airflow/dags/pipeline.py took 0.136 seconds
[2025-05-27T08:06:48.542+0000] {processor.py:186} INFO - Started process (PID=401) to work on /opt/airflow/dags/pipeline.py
[2025-05-27T08:06:48.544+0000] {processor.py:914} INFO - Processing file /opt/airflow/dags/pipeline.py for tasks to queue
[2025-05-27T08:06:48.546+0000] {logging_mixin.py:190} INFO - [2025-05-27T08:06:48.546+0000] {dagbag.py:588} INFO - Filling up the DagBag from /opt/airflow/dags/pipeline.py
[2025-05-27T08:06:48.738+0000] {processor.py:925} INFO - DAG(s) 'pipeline' retrieved from /opt/airflow/dags/pipeline.py
[2025-05-27T08:06:48.870+0000] {logging_mixin.py:190} INFO - [2025-05-27T08:06:48.870+0000] {dag.py:3239} INFO - Sync 1 DAGs
[2025-05-27T08:06:48.891+0000] {logging_mixin.py:190} INFO - [2025-05-27T08:06:48.890+0000] {dag.py:4180} INFO - Setting next_dagrun for pipeline to 2025-05-27 00:00:00+00:00, run_after=2025-05-28 00:00:00+00:00
[2025-05-27T08:06:48.916+0000] {processor.py:208} INFO - Processing /opt/airflow/dags/pipeline.py took 0.379 seconds
[2025-05-27T08:07:13.928+0000] {processor.py:186} INFO - Started process (PID=410) to work on /opt/airflow/dags/pipeline.py
[2025-05-27T08:07:13.929+0000] {processor.py:914} INFO - Processing file /opt/airflow/dags/pipeline.py for tasks to queue
[2025-05-27T08:07:13.931+0000] {logging_mixin.py:190} INFO - [2025-05-27T08:07:13.931+0000] {dagbag.py:588} INFO - Filling up the DagBag from /opt/airflow/dags/pipeline.py
[2025-05-27T08:07:13.977+0000] {processor.py:925} INFO - DAG(s) 'pipeline' retrieved from /opt/airflow/dags/pipeline.py
[2025-05-27T08:07:13.990+0000] {logging_mixin.py:190} INFO - [2025-05-27T08:07:13.989+0000] {dag.py:3239} INFO - Sync 1 DAGs
[2025-05-27T08:07:14.011+0000] {logging_mixin.py:190} INFO - [2025-05-27T08:07:14.011+0000] {dag.py:4180} INFO - Setting next_dagrun for pipeline to 2025-05-27 00:00:00+00:00, run_after=2025-05-28 00:00:00+00:00
[2025-05-27T08:07:14.034+0000] {processor.py:208} INFO - Processing /opt/airflow/dags/pipeline.py took 0.113 seconds
[2025-05-27T08:07:18.976+0000] {processor.py:186} INFO - Started process (PID=415) to work on /opt/airflow/dags/pipeline.py
[2025-05-27T08:07:18.977+0000] {processor.py:914} INFO - Processing file /opt/airflow/dags/pipeline.py for tasks to queue
[2025-05-27T08:07:18.979+0000] {logging_mixin.py:190} INFO - [2025-05-27T08:07:18.979+0000] {dagbag.py:588} INFO - Filling up the DagBag from /opt/airflow/dags/pipeline.py
[2025-05-27T08:07:19.010+0000] {processor.py:925} INFO - DAG(s) 'pipeline' retrieved from /opt/airflow/dags/pipeline.py
[2025-05-27T08:07:19.128+0000] {logging_mixin.py:190} INFO - [2025-05-27T08:07:19.128+0000] {dag.py:3239} INFO - Sync 1 DAGs
[2025-05-27T08:07:19.150+0000] {logging_mixin.py:190} INFO - [2025-05-27T08:07:19.150+0000] {dag.py:4180} INFO - Setting next_dagrun for pipeline to 2025-05-27 00:00:00+00:00, run_after=2025-05-28 00:00:00+00:00
[2025-05-27T08:07:19.179+0000] {processor.py:208} INFO - Processing /opt/airflow/dags/pipeline.py took 0.207 seconds
[2025-05-27T08:07:49.432+0000] {processor.py:186} INFO - Started process (PID=424) to work on /opt/airflow/dags/pipeline.py
[2025-05-27T08:07:49.433+0000] {processor.py:914} INFO - Processing file /opt/airflow/dags/pipeline.py for tasks to queue
[2025-05-27T08:07:49.435+0000] {logging_mixin.py:190} INFO - [2025-05-27T08:07:49.435+0000] {dagbag.py:588} INFO - Filling up the DagBag from /opt/airflow/dags/pipeline.py
[2025-05-27T08:07:49.490+0000] {processor.py:925} INFO - DAG(s) 'pipeline' retrieved from /opt/airflow/dags/pipeline.py
[2025-05-27T08:07:49.520+0000] {logging_mixin.py:190} INFO - [2025-05-27T08:07:49.520+0000] {dag.py:3239} INFO - Sync 1 DAGs
[2025-05-27T08:07:49.539+0000] {logging_mixin.py:190} INFO - [2025-05-27T08:07:49.539+0000] {dag.py:4180} INFO - Setting next_dagrun for pipeline to 2025-05-27 00:00:00+00:00, run_after=2025-05-28 00:00:00+00:00
[2025-05-27T08:07:49.556+0000] {processor.py:208} INFO - Processing /opt/airflow/dags/pipeline.py took 0.133 seconds
[2025-05-27T08:08:19.832+0000] {processor.py:186} INFO - Started process (PID=429) to work on /opt/airflow/dags/pipeline.py
[2025-05-27T08:08:19.834+0000] {processor.py:914} INFO - Processing file /opt/airflow/dags/pipeline.py for tasks to queue
[2025-05-27T08:08:19.836+0000] {logging_mixin.py:190} INFO - [2025-05-27T08:08:19.835+0000] {dagbag.py:588} INFO - Filling up the DagBag from /opt/airflow/dags/pipeline.py
[2025-05-27T08:08:19.873+0000] {processor.py:925} INFO - DAG(s) 'pipeline' retrieved from /opt/airflow/dags/pipeline.py
[2025-05-27T08:08:19.900+0000] {logging_mixin.py:190} INFO - [2025-05-27T08:08:19.900+0000] {dag.py:3239} INFO - Sync 1 DAGs
[2025-05-27T08:08:19.920+0000] {logging_mixin.py:190} INFO - [2025-05-27T08:08:19.920+0000] {dag.py:4180} INFO - Setting next_dagrun for pipeline to 2025-05-27 00:00:00+00:00, run_after=2025-05-28 00:00:00+00:00
[2025-05-27T08:08:19.939+0000] {processor.py:208} INFO - Processing /opt/airflow/dags/pipeline.py took 0.113 seconds
[2025-05-27T08:08:37.127+0000] {processor.py:186} INFO - Started process (PID=434) to work on /opt/airflow/dags/pipeline.py
[2025-05-27T08:08:37.128+0000] {processor.py:914} INFO - Processing file /opt/airflow/dags/pipeline.py for tasks to queue
[2025-05-27T08:08:37.130+0000] {logging_mixin.py:190} INFO - [2025-05-27T08:08:37.129+0000] {dagbag.py:588} INFO - Filling up the DagBag from /opt/airflow/dags/pipeline.py
[2025-05-27T08:08:37.155+0000] {logging_mixin.py:190} INFO - [2025-05-27T08:08:37.147+0000] {dagbag.py:387} ERROR - Failed to import: /opt/airflow/dags/pipeline.py
Traceback (most recent call last):
  File "/home/airflow/.local/lib/python3.12/site-packages/airflow/models/dagbag.py", line 383, in parse
    loader.exec_module(new_module)
  File "<frozen importlib._bootstrap_external>", line 995, in exec_module
  File "<frozen importlib._bootstrap_external>", line 1133, in get_code
  File "<frozen importlib._bootstrap_external>", line 1063, in source_to_code
  File "<frozen importlib._bootstrap>", line 488, in _call_with_frames_removed
  File "/opt/airflow/dags/pipeline.py", line 34
    create_bucket_command = 
                            ^
SyntaxError: invalid syntax
[2025-05-27T08:08:37.156+0000] {processor.py:927} WARNING - No viable dags retrieved from /opt/airflow/dags/pipeline.py
[2025-05-27T08:08:37.179+0000] {processor.py:208} INFO - Processing /opt/airflow/dags/pipeline.py took 0.057 seconds
[2025-05-27T08:08:40.189+0000] {processor.py:186} INFO - Started process (PID=439) to work on /opt/airflow/dags/pipeline.py
[2025-05-27T08:08:40.190+0000] {processor.py:914} INFO - Processing file /opt/airflow/dags/pipeline.py for tasks to queue
[2025-05-27T08:08:40.192+0000] {logging_mixin.py:190} INFO - [2025-05-27T08:08:40.192+0000] {dagbag.py:588} INFO - Filling up the DagBag from /opt/airflow/dags/pipeline.py
[2025-05-27T08:08:40.217+0000] {processor.py:925} INFO - DAG(s) 'pipeline' retrieved from /opt/airflow/dags/pipeline.py
[2025-05-27T08:08:40.235+0000] {logging_mixin.py:190} INFO - [2025-05-27T08:08:40.235+0000] {dag.py:3239} INFO - Sync 1 DAGs
[2025-05-27T08:08:40.252+0000] {logging_mixin.py:190} INFO - [2025-05-27T08:08:40.252+0000] {dag.py:4180} INFO - Setting next_dagrun for pipeline to 2025-05-27 00:00:00+00:00, run_after=2025-05-28 00:00:00+00:00
[2025-05-27T08:08:40.329+0000] {processor.py:208} INFO - Processing /opt/airflow/dags/pipeline.py took 0.145 seconds
[2025-05-27T08:08:48.354+0000] {processor.py:186} INFO - Started process (PID=444) to work on /opt/airflow/dags/pipeline.py
[2025-05-27T08:08:48.356+0000] {processor.py:914} INFO - Processing file /opt/airflow/dags/pipeline.py for tasks to queue
[2025-05-27T08:08:48.359+0000] {logging_mixin.py:190} INFO - [2025-05-27T08:08:48.358+0000] {dagbag.py:588} INFO - Filling up the DagBag from /opt/airflow/dags/pipeline.py
[2025-05-27T08:08:48.426+0000] {processor.py:925} INFO - DAG(s) 'pipeline' retrieved from /opt/airflow/dags/pipeline.py
[2025-05-27T08:08:48.448+0000] {logging_mixin.py:190} INFO - [2025-05-27T08:08:48.448+0000] {dag.py:3239} INFO - Sync 1 DAGs
[2025-05-27T08:08:48.468+0000] {logging_mixin.py:190} INFO - [2025-05-27T08:08:48.468+0000] {dag.py:4180} INFO - Setting next_dagrun for pipeline to 2025-05-27 00:00:00+00:00, run_after=2025-05-28 00:00:00+00:00
[2025-05-27T08:08:48.544+0000] {processor.py:208} INFO - Processing /opt/airflow/dags/pipeline.py took 0.196 seconds
[2025-05-27T08:08:51.483+0000] {processor.py:186} INFO - Started process (PID=449) to work on /opt/airflow/dags/pipeline.py
[2025-05-27T08:08:51.484+0000] {processor.py:914} INFO - Processing file /opt/airflow/dags/pipeline.py for tasks to queue
[2025-05-27T08:08:51.486+0000] {logging_mixin.py:190} INFO - [2025-05-27T08:08:51.486+0000] {dagbag.py:588} INFO - Filling up the DagBag from /opt/airflow/dags/pipeline.py
[2025-05-27T08:08:51.522+0000] {processor.py:925} INFO - DAG(s) 'pipeline' retrieved from /opt/airflow/dags/pipeline.py
[2025-05-27T08:08:51.545+0000] {logging_mixin.py:190} INFO - [2025-05-27T08:08:51.545+0000] {dag.py:3239} INFO - Sync 1 DAGs
[2025-05-27T08:08:51.565+0000] {logging_mixin.py:190} INFO - [2025-05-27T08:08:51.564+0000] {dag.py:4180} INFO - Setting next_dagrun for pipeline to 2025-05-27 00:00:00+00:00, run_after=2025-05-28 00:00:00+00:00
[2025-05-27T08:08:51.597+0000] {processor.py:208} INFO - Processing /opt/airflow/dags/pipeline.py took 0.118 seconds
[2025-05-27T08:08:54.627+0000] {processor.py:186} INFO - Started process (PID=454) to work on /opt/airflow/dags/pipeline.py
[2025-05-27T08:08:54.628+0000] {processor.py:914} INFO - Processing file /opt/airflow/dags/pipeline.py for tasks to queue
[2025-05-27T08:08:54.630+0000] {logging_mixin.py:190} INFO - [2025-05-27T08:08:54.630+0000] {dagbag.py:588} INFO - Filling up the DagBag from /opt/airflow/dags/pipeline.py
[2025-05-27T08:08:54.654+0000] {processor.py:925} INFO - DAG(s) 'pipeline' retrieved from /opt/airflow/dags/pipeline.py
[2025-05-27T08:08:54.766+0000] {logging_mixin.py:190} INFO - [2025-05-27T08:08:54.765+0000] {dag.py:3239} INFO - Sync 1 DAGs
[2025-05-27T08:08:54.784+0000] {logging_mixin.py:190} INFO - [2025-05-27T08:08:54.783+0000] {dag.py:4180} INFO - Setting next_dagrun for pipeline to 2025-05-27 00:00:00+00:00, run_after=2025-05-28 00:00:00+00:00
[2025-05-27T08:08:54.808+0000] {processor.py:208} INFO - Processing /opt/airflow/dags/pipeline.py took 0.185 seconds
[2025-05-27T08:08:56.688+0000] {processor.py:186} INFO - Started process (PID=459) to work on /opt/airflow/dags/pipeline.py
[2025-05-27T08:08:56.690+0000] {processor.py:914} INFO - Processing file /opt/airflow/dags/pipeline.py for tasks to queue
[2025-05-27T08:08:56.692+0000] {logging_mixin.py:190} INFO - [2025-05-27T08:08:56.692+0000] {dagbag.py:588} INFO - Filling up the DagBag from /opt/airflow/dags/pipeline.py
[2025-05-27T08:08:56.728+0000] {processor.py:925} INFO - DAG(s) 'pipeline' retrieved from /opt/airflow/dags/pipeline.py
[2025-05-27T08:08:56.738+0000] {logging_mixin.py:190} INFO - [2025-05-27T08:08:56.738+0000] {dag.py:3239} INFO - Sync 1 DAGs
[2025-05-27T08:08:56.757+0000] {logging_mixin.py:190} INFO - [2025-05-27T08:08:56.756+0000] {dag.py:4180} INFO - Setting next_dagrun for pipeline to 2025-05-27 00:00:00+00:00, run_after=2025-05-28 00:00:00+00:00
[2025-05-27T08:08:56.800+0000] {processor.py:208} INFO - Processing /opt/airflow/dags/pipeline.py took 0.117 seconds
[2025-05-27T08:08:58.706+0000] {processor.py:186} INFO - Started process (PID=464) to work on /opt/airflow/dags/pipeline.py
[2025-05-27T08:08:58.707+0000] {processor.py:914} INFO - Processing file /opt/airflow/dags/pipeline.py for tasks to queue
[2025-05-27T08:08:58.710+0000] {logging_mixin.py:190} INFO - [2025-05-27T08:08:58.709+0000] {dagbag.py:588} INFO - Filling up the DagBag from /opt/airflow/dags/pipeline.py
[2025-05-27T08:08:58.742+0000] {processor.py:925} INFO - DAG(s) 'pipeline' retrieved from /opt/airflow/dags/pipeline.py
[2025-05-27T08:08:58.756+0000] {logging_mixin.py:190} INFO - [2025-05-27T08:08:58.755+0000] {dag.py:3239} INFO - Sync 1 DAGs
[2025-05-27T08:08:58.776+0000] {logging_mixin.py:190} INFO - [2025-05-27T08:08:58.776+0000] {dag.py:4180} INFO - Setting next_dagrun for pipeline to 2025-05-27 00:00:00+00:00, run_after=2025-05-28 00:00:00+00:00
[2025-05-27T08:08:58.799+0000] {processor.py:208} INFO - Processing /opt/airflow/dags/pipeline.py took 0.098 seconds
[2025-05-27T08:09:29.046+0000] {processor.py:186} INFO - Started process (PID=473) to work on /opt/airflow/dags/pipeline.py
[2025-05-27T08:09:29.048+0000] {processor.py:914} INFO - Processing file /opt/airflow/dags/pipeline.py for tasks to queue
[2025-05-27T08:09:29.053+0000] {logging_mixin.py:190} INFO - [2025-05-27T08:09:29.053+0000] {dagbag.py:588} INFO - Filling up the DagBag from /opt/airflow/dags/pipeline.py
[2025-05-27T08:09:29.177+0000] {processor.py:925} INFO - DAG(s) 'pipeline' retrieved from /opt/airflow/dags/pipeline.py
[2025-05-27T08:09:29.266+0000] {logging_mixin.py:190} INFO - [2025-05-27T08:09:29.266+0000] {dag.py:3239} INFO - Sync 1 DAGs
[2025-05-27T08:09:29.284+0000] {logging_mixin.py:190} INFO - [2025-05-27T08:09:29.283+0000] {dag.py:4180} INFO - Setting next_dagrun for pipeline to 2025-05-27 00:00:00+00:00, run_after=2025-05-28 00:00:00+00:00
[2025-05-27T08:09:29.364+0000] {processor.py:208} INFO - Processing /opt/airflow/dags/pipeline.py took 0.323 seconds
[2025-05-27T08:09:59.411+0000] {processor.py:186} INFO - Started process (PID=478) to work on /opt/airflow/dags/pipeline.py
[2025-05-27T08:09:59.412+0000] {processor.py:914} INFO - Processing file /opt/airflow/dags/pipeline.py for tasks to queue
[2025-05-27T08:09:59.414+0000] {logging_mixin.py:190} INFO - [2025-05-27T08:09:59.414+0000] {dagbag.py:588} INFO - Filling up the DagBag from /opt/airflow/dags/pipeline.py
[2025-05-27T08:09:59.432+0000] {processor.py:925} INFO - DAG(s) 'pipeline' retrieved from /opt/airflow/dags/pipeline.py
[2025-05-27T08:09:59.453+0000] {logging_mixin.py:190} INFO - [2025-05-27T08:09:59.453+0000] {dag.py:3239} INFO - Sync 1 DAGs
[2025-05-27T08:09:59.470+0000] {logging_mixin.py:190} INFO - [2025-05-27T08:09:59.470+0000] {dag.py:4180} INFO - Setting next_dagrun for pipeline to 2025-05-27 00:00:00+00:00, run_after=2025-05-28 00:00:00+00:00
[2025-05-27T08:09:59.486+0000] {processor.py:208} INFO - Processing /opt/airflow/dags/pipeline.py took 0.079 seconds
[2025-05-27T08:10:29.922+0000] {processor.py:186} INFO - Started process (PID=483) to work on /opt/airflow/dags/pipeline.py
[2025-05-27T08:10:29.923+0000] {processor.py:914} INFO - Processing file /opt/airflow/dags/pipeline.py for tasks to queue
[2025-05-27T08:10:29.926+0000] {logging_mixin.py:190} INFO - [2025-05-27T08:10:29.926+0000] {dagbag.py:588} INFO - Filling up the DagBag from /opt/airflow/dags/pipeline.py
[2025-05-27T08:10:29.951+0000] {processor.py:925} INFO - DAG(s) 'pipeline' retrieved from /opt/airflow/dags/pipeline.py
[2025-05-27T08:10:29.975+0000] {logging_mixin.py:190} INFO - [2025-05-27T08:10:29.974+0000] {dag.py:3239} INFO - Sync 1 DAGs
[2025-05-27T08:10:29.993+0000] {logging_mixin.py:190} INFO - [2025-05-27T08:10:29.993+0000] {dag.py:4180} INFO - Setting next_dagrun for pipeline to 2025-05-27 00:00:00+00:00, run_after=2025-05-28 00:00:00+00:00
[2025-05-27T08:10:30.012+0000] {processor.py:208} INFO - Processing /opt/airflow/dags/pipeline.py took 0.095 seconds
[2025-05-27T08:13:28.096+0000] {processor.py:186} INFO - Started process (PID=506) to work on /opt/airflow/dags/pipeline.py
[2025-05-27T08:13:28.097+0000] {processor.py:914} INFO - Processing file /opt/airflow/dags/pipeline.py for tasks to queue
[2025-05-27T08:13:28.099+0000] {logging_mixin.py:190} INFO - [2025-05-27T08:13:28.099+0000] {dagbag.py:588} INFO - Filling up the DagBag from /opt/airflow/dags/pipeline.py
[2025-05-27T08:13:28.121+0000] {processor.py:925} INFO - DAG(s) 'pipeline' retrieved from /opt/airflow/dags/pipeline.py
[2025-05-27T08:13:28.217+0000] {logging_mixin.py:190} INFO - [2025-05-27T08:13:28.217+0000] {dag.py:3239} INFO - Sync 1 DAGs
[2025-05-27T08:13:28.235+0000] {logging_mixin.py:190} INFO - [2025-05-27T08:13:28.235+0000] {dag.py:4180} INFO - Setting next_dagrun for pipeline to 2025-05-27 00:00:00+00:00, run_after=2025-05-28 00:00:00+00:00
[2025-05-27T08:13:28.309+0000] {processor.py:208} INFO - Processing /opt/airflow/dags/pipeline.py took 0.217 seconds
[2025-05-27T08:13:58.446+0000] {processor.py:186} INFO - Started process (PID=511) to work on /opt/airflow/dags/pipeline.py
[2025-05-27T08:13:58.447+0000] {processor.py:914} INFO - Processing file /opt/airflow/dags/pipeline.py for tasks to queue
[2025-05-27T08:13:58.448+0000] {logging_mixin.py:190} INFO - [2025-05-27T08:13:58.448+0000] {dagbag.py:588} INFO - Filling up the DagBag from /opt/airflow/dags/pipeline.py
[2025-05-27T08:13:58.477+0000] {processor.py:925} INFO - DAG(s) 'pipeline' retrieved from /opt/airflow/dags/pipeline.py
[2025-05-27T08:13:58.500+0000] {logging_mixin.py:190} INFO - [2025-05-27T08:13:58.500+0000] {dag.py:3239} INFO - Sync 1 DAGs
[2025-05-27T08:13:58.519+0000] {logging_mixin.py:190} INFO - [2025-05-27T08:13:58.519+0000] {dag.py:4180} INFO - Setting next_dagrun for pipeline to 2025-05-27 00:00:00+00:00, run_after=2025-05-28 00:00:00+00:00
[2025-05-27T08:13:58.536+0000] {processor.py:208} INFO - Processing /opt/airflow/dags/pipeline.py took 0.095 seconds
[2025-05-27T08:14:28.801+0000] {processor.py:186} INFO - Started process (PID=516) to work on /opt/airflow/dags/pipeline.py
[2025-05-27T08:14:28.802+0000] {processor.py:914} INFO - Processing file /opt/airflow/dags/pipeline.py for tasks to queue
[2025-05-27T08:14:28.803+0000] {logging_mixin.py:190} INFO - [2025-05-27T08:14:28.803+0000] {dagbag.py:588} INFO - Filling up the DagBag from /opt/airflow/dags/pipeline.py
[2025-05-27T08:14:28.819+0000] {processor.py:925} INFO - DAG(s) 'pipeline' retrieved from /opt/airflow/dags/pipeline.py
[2025-05-27T08:14:28.841+0000] {logging_mixin.py:190} INFO - [2025-05-27T08:14:28.840+0000] {dag.py:3239} INFO - Sync 1 DAGs
[2025-05-27T08:14:28.858+0000] {logging_mixin.py:190} INFO - [2025-05-27T08:14:28.858+0000] {dag.py:4180} INFO - Setting next_dagrun for pipeline to 2025-05-27 00:00:00+00:00, run_after=2025-05-28 00:00:00+00:00
[2025-05-27T08:14:28.876+0000] {processor.py:208} INFO - Processing /opt/airflow/dags/pipeline.py took 0.080 seconds
[2025-05-27T08:14:33.929+0000] {processor.py:186} INFO - Started process (PID=521) to work on /opt/airflow/dags/pipeline.py
[2025-05-27T08:14:33.930+0000] {processor.py:914} INFO - Processing file /opt/airflow/dags/pipeline.py for tasks to queue
[2025-05-27T08:14:33.932+0000] {logging_mixin.py:190} INFO - [2025-05-27T08:14:33.932+0000] {dagbag.py:588} INFO - Filling up the DagBag from /opt/airflow/dags/pipeline.py
[2025-05-27T08:14:33.975+0000] {processor.py:925} INFO - DAG(s) 'pipeline' retrieved from /opt/airflow/dags/pipeline.py
[2025-05-27T08:14:34.057+0000] {logging_mixin.py:190} INFO - [2025-05-27T08:14:34.056+0000] {dag.py:3239} INFO - Sync 1 DAGs
[2025-05-27T08:14:34.077+0000] {logging_mixin.py:190} INFO - [2025-05-27T08:14:34.077+0000] {dag.py:4180} INFO - Setting next_dagrun for pipeline to 2025-05-27 00:00:00+00:00, run_after=2025-05-28 00:00:00+00:00
[2025-05-27T08:14:34.101+0000] {processor.py:208} INFO - Processing /opt/airflow/dags/pipeline.py took 0.177 seconds
[2025-05-27T08:14:37.989+0000] {processor.py:186} INFO - Started process (PID=526) to work on /opt/airflow/dags/pipeline.py
[2025-05-27T08:14:37.990+0000] {processor.py:914} INFO - Processing file /opt/airflow/dags/pipeline.py for tasks to queue
[2025-05-27T08:14:37.991+0000] {logging_mixin.py:190} INFO - [2025-05-27T08:14:37.991+0000] {dagbag.py:588} INFO - Filling up the DagBag from /opt/airflow/dags/pipeline.py
[2025-05-27T08:14:38.066+0000] {logging_mixin.py:190} INFO - [2025-05-27T08:14:38.063+0000] {templater.py:94} ERROR - Failed to resolve template field 'bash_command'
Traceback (most recent call last):
  File "/home/airflow/.local/lib/python3.12/site-packages/airflow/template/templater.py", line 92, in resolve_template_files
    setattr(self, field, env.loader.get_source(env, content)[0])  # type: ignore
                         ^^^^^^^^^^^^^^^^^^^^^^^^^^^^^^^^^^^
  File "/home/airflow/.local/lib/python3.12/site-packages/jinja2/loaders.py", line 209, in get_source
    raise TemplateNotFound(
jinja2.exceptions.TemplateNotFound: 'pwd && ls -la && ./create_bucket.sh' not found in search path: '/opt/airflow/dags'
[2025-05-27T08:14:38.069+0000] {processor.py:925} INFO - DAG(s) 'pipeline' retrieved from /opt/airflow/dags/pipeline.py
[2025-05-27T08:14:38.089+0000] {logging_mixin.py:190} INFO - [2025-05-27T08:14:38.089+0000] {dag.py:3239} INFO - Sync 1 DAGs
[2025-05-27T08:14:38.111+0000] {logging_mixin.py:190} INFO - [2025-05-27T08:14:38.111+0000] {dag.py:4180} INFO - Setting next_dagrun for pipeline to 2025-05-27 00:00:00+00:00, run_after=2025-05-28 00:00:00+00:00
[2025-05-27T08:14:38.135+0000] {processor.py:208} INFO - Processing /opt/airflow/dags/pipeline.py took 0.150 seconds
[2025-05-27T08:14:40.051+0000] {processor.py:186} INFO - Started process (PID=531) to work on /opt/airflow/dags/pipeline.py
[2025-05-27T08:14:40.052+0000] {processor.py:914} INFO - Processing file /opt/airflow/dags/pipeline.py for tasks to queue
[2025-05-27T08:14:40.054+0000] {logging_mixin.py:190} INFO - [2025-05-27T08:14:40.054+0000] {dagbag.py:588} INFO - Filling up the DagBag from /opt/airflow/dags/pipeline.py
[2025-05-27T08:14:40.076+0000] {logging_mixin.py:190} INFO - [2025-05-27T08:14:40.076+0000] {templater.py:94} ERROR - Failed to resolve template field 'bash_command'
Traceback (most recent call last):
  File "/home/airflow/.local/lib/python3.12/site-packages/airflow/template/templater.py", line 92, in resolve_template_files
    setattr(self, field, env.loader.get_source(env, content)[0])  # type: ignore
                         ^^^^^^^^^^^^^^^^^^^^^^^^^^^^^^^^^^^
  File "/home/airflow/.local/lib/python3.12/site-packages/jinja2/loaders.py", line 209, in get_source
    raise TemplateNotFound(
jinja2.exceptions.TemplateNotFound: 'pwd && ls -la && ./create_bucket.sh' not found in search path: '/opt/airflow/dags'
[2025-05-27T08:14:40.078+0000] {processor.py:925} INFO - DAG(s) 'pipeline' retrieved from /opt/airflow/dags/pipeline.py
[2025-05-27T08:14:40.088+0000] {logging_mixin.py:190} INFO - [2025-05-27T08:14:40.088+0000] {dag.py:3239} INFO - Sync 1 DAGs
[2025-05-27T08:14:40.105+0000] {logging_mixin.py:190} INFO - [2025-05-27T08:14:40.105+0000] {dag.py:4180} INFO - Setting next_dagrun for pipeline to 2025-05-27 00:00:00+00:00, run_after=2025-05-28 00:00:00+00:00
[2025-05-27T08:14:40.176+0000] {processor.py:208} INFO - Processing /opt/airflow/dags/pipeline.py took 0.128 seconds
[2025-05-27T08:15:10.455+0000] {processor.py:186} INFO - Started process (PID=539) to work on /opt/airflow/dags/pipeline.py
[2025-05-27T08:15:10.456+0000] {processor.py:914} INFO - Processing file /opt/airflow/dags/pipeline.py for tasks to queue
[2025-05-27T08:15:10.457+0000] {logging_mixin.py:190} INFO - [2025-05-27T08:15:10.457+0000] {dagbag.py:588} INFO - Filling up the DagBag from /opt/airflow/dags/pipeline.py
[2025-05-27T08:15:10.477+0000] {logging_mixin.py:190} INFO - [2025-05-27T08:15:10.476+0000] {templater.py:94} ERROR - Failed to resolve template field 'bash_command'
Traceback (most recent call last):
  File "/home/airflow/.local/lib/python3.12/site-packages/airflow/template/templater.py", line 92, in resolve_template_files
    setattr(self, field, env.loader.get_source(env, content)[0])  # type: ignore
                         ^^^^^^^^^^^^^^^^^^^^^^^^^^^^^^^^^^^
  File "/home/airflow/.local/lib/python3.12/site-packages/jinja2/loaders.py", line 209, in get_source
    raise TemplateNotFound(
jinja2.exceptions.TemplateNotFound: 'pwd && ls -la && ./create_bucket.sh' not found in search path: '/opt/airflow/dags'
[2025-05-27T08:15:10.479+0000] {processor.py:925} INFO - DAG(s) 'pipeline' retrieved from /opt/airflow/dags/pipeline.py
[2025-05-27T08:15:10.568+0000] {logging_mixin.py:190} INFO - [2025-05-27T08:15:10.568+0000] {dag.py:3239} INFO - Sync 1 DAGs
[2025-05-27T08:15:10.584+0000] {logging_mixin.py:190} INFO - [2025-05-27T08:15:10.584+0000] {dag.py:4180} INFO - Setting next_dagrun for pipeline to 2025-05-27 00:00:00+00:00, run_after=2025-05-28 00:00:00+00:00
[2025-05-27T08:15:10.601+0000] {processor.py:208} INFO - Processing /opt/airflow/dags/pipeline.py took 0.150 seconds
[2025-05-27T08:15:35.686+0000] {processor.py:186} INFO - Started process (PID=544) to work on /opt/airflow/dags/pipeline.py
[2025-05-27T08:15:35.687+0000] {processor.py:914} INFO - Processing file /opt/airflow/dags/pipeline.py for tasks to queue
[2025-05-27T08:15:35.688+0000] {logging_mixin.py:190} INFO - [2025-05-27T08:15:35.688+0000] {dagbag.py:588} INFO - Filling up the DagBag from /opt/airflow/dags/pipeline.py
[2025-05-27T08:15:35.718+0000] {processor.py:925} INFO - DAG(s) 'pipeline' retrieved from /opt/airflow/dags/pipeline.py
[2025-05-27T08:15:35.731+0000] {logging_mixin.py:190} INFO - [2025-05-27T08:15:35.730+0000] {dag.py:3239} INFO - Sync 1 DAGs
[2025-05-27T08:15:35.751+0000] {logging_mixin.py:190} INFO - [2025-05-27T08:15:35.750+0000] {dag.py:4180} INFO - Setting next_dagrun for pipeline to 2025-05-27 00:00:00+00:00, run_after=2025-05-28 00:00:00+00:00
[2025-05-27T08:15:35.770+0000] {processor.py:208} INFO - Processing /opt/airflow/dags/pipeline.py took 0.089 seconds
[2025-05-27T08:16:05.997+0000] {processor.py:186} INFO - Started process (PID=554) to work on /opt/airflow/dags/pipeline.py
[2025-05-27T08:16:05.998+0000] {processor.py:914} INFO - Processing file /opt/airflow/dags/pipeline.py for tasks to queue
[2025-05-27T08:16:05.999+0000] {logging_mixin.py:190} INFO - [2025-05-27T08:16:05.999+0000] {dagbag.py:588} INFO - Filling up the DagBag from /opt/airflow/dags/pipeline.py
[2025-05-27T08:16:06.018+0000] {processor.py:925} INFO - DAG(s) 'pipeline' retrieved from /opt/airflow/dags/pipeline.py
[2025-05-27T08:16:06.105+0000] {logging_mixin.py:190} INFO - [2025-05-27T08:16:06.104+0000] {dag.py:3239} INFO - Sync 1 DAGs
[2025-05-27T08:16:06.121+0000] {logging_mixin.py:190} INFO - [2025-05-27T08:16:06.121+0000] {dag.py:4180} INFO - Setting next_dagrun for pipeline to 2025-05-27 00:00:00+00:00, run_after=2025-05-28 00:00:00+00:00
[2025-05-27T08:16:06.145+0000] {processor.py:208} INFO - Processing /opt/airflow/dags/pipeline.py took 0.153 seconds
[2025-05-27T08:16:29.272+0000] {processor.py:186} INFO - Started process (PID=559) to work on /opt/airflow/dags/pipeline.py
[2025-05-27T08:16:29.273+0000] {processor.py:914} INFO - Processing file /opt/airflow/dags/pipeline.py for tasks to queue
[2025-05-27T08:16:29.274+0000] {logging_mixin.py:190} INFO - [2025-05-27T08:16:29.274+0000] {dagbag.py:588} INFO - Filling up the DagBag from /opt/airflow/dags/pipeline.py
[2025-05-27T08:16:29.297+0000] {processor.py:925} INFO - DAG(s) 'pipeline' retrieved from /opt/airflow/dags/pipeline.py
[2025-05-27T08:16:29.307+0000] {logging_mixin.py:190} INFO - [2025-05-27T08:16:29.307+0000] {dag.py:3239} INFO - Sync 1 DAGs
[2025-05-27T08:16:29.325+0000] {logging_mixin.py:190} INFO - [2025-05-27T08:16:29.325+0000] {dag.py:4180} INFO - Setting next_dagrun for pipeline to 2025-05-27 00:00:00+00:00, run_after=2025-05-28 00:00:00+00:00
[2025-05-27T08:16:29.351+0000] {processor.py:208} INFO - Processing /opt/airflow/dags/pipeline.py took 0.083 seconds
[2025-05-27T08:16:32.368+0000] {processor.py:186} INFO - Started process (PID=564) to work on /opt/airflow/dags/pipeline.py
[2025-05-27T08:16:32.369+0000] {processor.py:914} INFO - Processing file /opt/airflow/dags/pipeline.py for tasks to queue
[2025-05-27T08:16:32.370+0000] {logging_mixin.py:190} INFO - [2025-05-27T08:16:32.370+0000] {dagbag.py:588} INFO - Filling up the DagBag from /opt/airflow/dags/pipeline.py
[2025-05-27T08:16:32.395+0000] {processor.py:925} INFO - DAG(s) 'pipeline' retrieved from /opt/airflow/dags/pipeline.py
[2025-05-27T08:16:32.404+0000] {logging_mixin.py:190} INFO - [2025-05-27T08:16:32.404+0000] {dag.py:3239} INFO - Sync 1 DAGs
[2025-05-27T08:16:32.420+0000] {logging_mixin.py:190} INFO - [2025-05-27T08:16:32.420+0000] {dag.py:4180} INFO - Setting next_dagrun for pipeline to 2025-05-27 00:00:00+00:00, run_after=2025-05-28 00:00:00+00:00
[2025-05-27T08:16:32.439+0000] {processor.py:208} INFO - Processing /opt/airflow/dags/pipeline.py took 0.075 seconds
[2025-05-27T08:16:35.486+0000] {processor.py:186} INFO - Started process (PID=569) to work on /opt/airflow/dags/pipeline.py
[2025-05-27T08:16:35.488+0000] {processor.py:914} INFO - Processing file /opt/airflow/dags/pipeline.py for tasks to queue
[2025-05-27T08:16:35.490+0000] {logging_mixin.py:190} INFO - [2025-05-27T08:16:35.490+0000] {dagbag.py:588} INFO - Filling up the DagBag from /opt/airflow/dags/pipeline.py
[2025-05-27T08:16:35.525+0000] {processor.py:925} INFO - DAG(s) 'pipeline' retrieved from /opt/airflow/dags/pipeline.py
[2025-05-27T08:16:35.538+0000] {logging_mixin.py:190} INFO - [2025-05-27T08:16:35.537+0000] {dag.py:3239} INFO - Sync 1 DAGs
[2025-05-27T08:16:35.560+0000] {logging_mixin.py:190} INFO - [2025-05-27T08:16:35.560+0000] {dag.py:4180} INFO - Setting next_dagrun for pipeline to 2025-05-27 00:00:00+00:00, run_after=2025-05-28 00:00:00+00:00
[2025-05-27T08:16:35.634+0000] {processor.py:208} INFO - Processing /opt/airflow/dags/pipeline.py took 0.152 seconds
[2025-05-27T08:16:40.527+0000] {processor.py:186} INFO - Started process (PID=574) to work on /opt/airflow/dags/pipeline.py
[2025-05-27T08:16:40.528+0000] {processor.py:914} INFO - Processing file /opt/airflow/dags/pipeline.py for tasks to queue
[2025-05-27T08:16:40.530+0000] {logging_mixin.py:190} INFO - [2025-05-27T08:16:40.529+0000] {dagbag.py:588} INFO - Filling up the DagBag from /opt/airflow/dags/pipeline.py
[2025-05-27T08:16:40.555+0000] {processor.py:925} INFO - DAG(s) 'pipeline' retrieved from /opt/airflow/dags/pipeline.py
[2025-05-27T08:16:40.641+0000] {logging_mixin.py:190} INFO - [2025-05-27T08:16:40.641+0000] {dag.py:3239} INFO - Sync 1 DAGs
[2025-05-27T08:16:40.658+0000] {logging_mixin.py:190} INFO - [2025-05-27T08:16:40.658+0000] {dag.py:4180} INFO - Setting next_dagrun for pipeline to 2025-05-27 00:00:00+00:00, run_after=2025-05-28 00:00:00+00:00
[2025-05-27T08:16:40.746+0000] {processor.py:208} INFO - Processing /opt/airflow/dags/pipeline.py took 0.224 seconds
[2025-05-27T08:16:42.802+0000] {processor.py:186} INFO - Started process (PID=579) to work on /opt/airflow/dags/pipeline.py
[2025-05-27T08:16:42.803+0000] {processor.py:914} INFO - Processing file /opt/airflow/dags/pipeline.py for tasks to queue
[2025-05-27T08:16:42.804+0000] {logging_mixin.py:190} INFO - [2025-05-27T08:16:42.804+0000] {dagbag.py:588} INFO - Filling up the DagBag from /opt/airflow/dags/pipeline.py
[2025-05-27T08:16:42.831+0000] {processor.py:925} INFO - DAG(s) 'pipeline' retrieved from /opt/airflow/dags/pipeline.py
[2025-05-27T08:16:42.841+0000] {logging_mixin.py:190} INFO - [2025-05-27T08:16:42.841+0000] {dag.py:3239} INFO - Sync 1 DAGs
[2025-05-27T08:16:42.858+0000] {logging_mixin.py:190} INFO - [2025-05-27T08:16:42.858+0000] {dag.py:4180} INFO - Setting next_dagrun for pipeline to 2025-05-27 00:00:00+00:00, run_after=2025-05-28 00:00:00+00:00
[2025-05-27T08:16:42.879+0000] {processor.py:208} INFO - Processing /opt/airflow/dags/pipeline.py took 0.082 seconds
[2025-05-27T08:17:13.127+0000] {processor.py:186} INFO - Started process (PID=598) to work on /opt/airflow/dags/pipeline.py
[2025-05-27T08:17:13.128+0000] {processor.py:914} INFO - Processing file /opt/airflow/dags/pipeline.py for tasks to queue
[2025-05-27T08:17:13.129+0000] {logging_mixin.py:190} INFO - [2025-05-27T08:17:13.129+0000] {dagbag.py:588} INFO - Filling up the DagBag from /opt/airflow/dags/pipeline.py
[2025-05-27T08:17:13.145+0000] {processor.py:925} INFO - DAG(s) 'pipeline' retrieved from /opt/airflow/dags/pipeline.py
[2025-05-27T08:17:13.223+0000] {logging_mixin.py:190} INFO - [2025-05-27T08:17:13.223+0000] {dag.py:3239} INFO - Sync 1 DAGs
[2025-05-27T08:17:13.239+0000] {logging_mixin.py:190} INFO - [2025-05-27T08:17:13.239+0000] {dag.py:4180} INFO - Setting next_dagrun for pipeline to 2025-05-27 00:00:00+00:00, run_after=2025-05-28 00:00:00+00:00
[2025-05-27T08:17:13.256+0000] {processor.py:208} INFO - Processing /opt/airflow/dags/pipeline.py took 0.134 seconds
[2025-05-27T08:17:43.559+0000] {processor.py:186} INFO - Started process (PID=603) to work on /opt/airflow/dags/pipeline.py
[2025-05-27T08:17:43.560+0000] {processor.py:914} INFO - Processing file /opt/airflow/dags/pipeline.py for tasks to queue
[2025-05-27T08:17:43.561+0000] {logging_mixin.py:190} INFO - [2025-05-27T08:17:43.561+0000] {dagbag.py:588} INFO - Filling up the DagBag from /opt/airflow/dags/pipeline.py
[2025-05-27T08:17:43.579+0000] {processor.py:925} INFO - DAG(s) 'pipeline' retrieved from /opt/airflow/dags/pipeline.py
[2025-05-27T08:17:43.600+0000] {logging_mixin.py:190} INFO - [2025-05-27T08:17:43.599+0000] {dag.py:3239} INFO - Sync 1 DAGs
[2025-05-27T08:17:43.616+0000] {logging_mixin.py:190} INFO - [2025-05-27T08:17:43.616+0000] {dag.py:4180} INFO - Setting next_dagrun for pipeline to 2025-05-27 00:00:00+00:00, run_after=2025-05-28 00:00:00+00:00
[2025-05-27T08:17:43.632+0000] {processor.py:208} INFO - Processing /opt/airflow/dags/pipeline.py took 0.078 seconds
[2025-05-27T08:18:14.028+0000] {processor.py:186} INFO - Started process (PID=622) to work on /opt/airflow/dags/pipeline.py
[2025-05-27T08:18:14.029+0000] {processor.py:914} INFO - Processing file /opt/airflow/dags/pipeline.py for tasks to queue
[2025-05-27T08:18:14.030+0000] {logging_mixin.py:190} INFO - [2025-05-27T08:18:14.029+0000] {dagbag.py:588} INFO - Filling up the DagBag from /opt/airflow/dags/pipeline.py
[2025-05-27T08:18:14.047+0000] {processor.py:925} INFO - DAG(s) 'pipeline' retrieved from /opt/airflow/dags/pipeline.py
[2025-05-27T08:18:14.070+0000] {logging_mixin.py:190} INFO - [2025-05-27T08:18:14.070+0000] {dag.py:3239} INFO - Sync 1 DAGs
[2025-05-27T08:18:14.088+0000] {logging_mixin.py:190} INFO - [2025-05-27T08:18:14.088+0000] {dag.py:4180} INFO - Setting next_dagrun for pipeline to 2025-05-27 00:00:00+00:00, run_after=2025-05-28 00:00:00+00:00
[2025-05-27T08:18:14.105+0000] {processor.py:208} INFO - Processing /opt/airflow/dags/pipeline.py took 0.082 seconds
[2025-05-27T08:18:44.461+0000] {processor.py:186} INFO - Started process (PID=627) to work on /opt/airflow/dags/pipeline.py
[2025-05-27T08:18:44.461+0000] {processor.py:914} INFO - Processing file /opt/airflow/dags/pipeline.py for tasks to queue
[2025-05-27T08:18:44.462+0000] {logging_mixin.py:190} INFO - [2025-05-27T08:18:44.462+0000] {dagbag.py:588} INFO - Filling up the DagBag from /opt/airflow/dags/pipeline.py
[2025-05-27T08:18:44.477+0000] {processor.py:925} INFO - DAG(s) 'pipeline' retrieved from /opt/airflow/dags/pipeline.py
[2025-05-27T08:18:44.498+0000] {logging_mixin.py:190} INFO - [2025-05-27T08:18:44.497+0000] {dag.py:3239} INFO - Sync 1 DAGs
[2025-05-27T08:18:44.516+0000] {logging_mixin.py:190} INFO - [2025-05-27T08:18:44.516+0000] {dag.py:4180} INFO - Setting next_dagrun for pipeline to 2025-05-27 00:00:00+00:00, run_after=2025-05-28 00:00:00+00:00
[2025-05-27T08:18:44.529+0000] {processor.py:208} INFO - Processing /opt/airflow/dags/pipeline.py took 0.073 seconds
[2025-05-27T08:19:14.780+0000] {processor.py:186} INFO - Started process (PID=632) to work on /opt/airflow/dags/pipeline.py
[2025-05-27T08:19:14.781+0000] {processor.py:914} INFO - Processing file /opt/airflow/dags/pipeline.py for tasks to queue
[2025-05-27T08:19:14.783+0000] {logging_mixin.py:190} INFO - [2025-05-27T08:19:14.782+0000] {dagbag.py:588} INFO - Filling up the DagBag from /opt/airflow/dags/pipeline.py
[2025-05-27T08:19:14.806+0000] {processor.py:925} INFO - DAG(s) 'pipeline' retrieved from /opt/airflow/dags/pipeline.py
[2025-05-27T08:19:14.829+0000] {logging_mixin.py:190} INFO - [2025-05-27T08:19:14.829+0000] {dag.py:3239} INFO - Sync 1 DAGs
[2025-05-27T08:19:14.849+0000] {logging_mixin.py:190} INFO - [2025-05-27T08:19:14.848+0000] {dag.py:4180} INFO - Setting next_dagrun for pipeline to 2025-05-27 00:00:00+00:00, run_after=2025-05-28 00:00:00+00:00
[2025-05-27T08:19:14.867+0000] {processor.py:208} INFO - Processing /opt/airflow/dags/pipeline.py took 0.092 seconds
[2025-05-27T08:19:45.165+0000] {processor.py:186} INFO - Started process (PID=653) to work on /opt/airflow/dags/pipeline.py
[2025-05-27T08:19:45.166+0000] {processor.py:914} INFO - Processing file /opt/airflow/dags/pipeline.py for tasks to queue
[2025-05-27T08:19:45.168+0000] {logging_mixin.py:190} INFO - [2025-05-27T08:19:45.167+0000] {dagbag.py:588} INFO - Filling up the DagBag from /opt/airflow/dags/pipeline.py
[2025-05-27T08:19:45.192+0000] {processor.py:925} INFO - DAG(s) 'pipeline' retrieved from /opt/airflow/dags/pipeline.py
[2025-05-27T08:19:45.229+0000] {logging_mixin.py:190} INFO - [2025-05-27T08:19:45.229+0000] {dag.py:3239} INFO - Sync 1 DAGs
[2025-05-27T08:19:45.246+0000] {logging_mixin.py:190} INFO - [2025-05-27T08:19:45.246+0000] {dag.py:4180} INFO - Setting next_dagrun for pipeline to 2025-05-27 00:00:00+00:00, run_after=2025-05-28 00:00:00+00:00
[2025-05-27T08:19:45.262+0000] {processor.py:208} INFO - Processing /opt/airflow/dags/pipeline.py took 0.101 seconds
[2025-05-27T08:20:15.608+0000] {processor.py:186} INFO - Started process (PID=658) to work on /opt/airflow/dags/pipeline.py
[2025-05-27T08:20:15.609+0000] {processor.py:914} INFO - Processing file /opt/airflow/dags/pipeline.py for tasks to queue
[2025-05-27T08:20:15.611+0000] {logging_mixin.py:190} INFO - [2025-05-27T08:20:15.610+0000] {dagbag.py:588} INFO - Filling up the DagBag from /opt/airflow/dags/pipeline.py
[2025-05-27T08:20:15.634+0000] {processor.py:925} INFO - DAG(s) 'pipeline' retrieved from /opt/airflow/dags/pipeline.py
[2025-05-27T08:20:15.658+0000] {logging_mixin.py:190} INFO - [2025-05-27T08:20:15.657+0000] {dag.py:3239} INFO - Sync 1 DAGs
[2025-05-27T08:20:15.679+0000] {logging_mixin.py:190} INFO - [2025-05-27T08:20:15.678+0000] {dag.py:4180} INFO - Setting next_dagrun for pipeline to 2025-05-27 00:00:00+00:00, run_after=2025-05-28 00:00:00+00:00
[2025-05-27T08:20:15.696+0000] {processor.py:208} INFO - Processing /opt/airflow/dags/pipeline.py took 0.096 seconds
[2025-05-27T08:20:28.767+0000] {processor.py:186} INFO - Started process (PID=663) to work on /opt/airflow/dags/pipeline.py
[2025-05-27T08:20:28.768+0000] {processor.py:914} INFO - Processing file /opt/airflow/dags/pipeline.py for tasks to queue
[2025-05-27T08:20:28.770+0000] {logging_mixin.py:190} INFO - [2025-05-27T08:20:28.770+0000] {dagbag.py:588} INFO - Filling up the DagBag from /opt/airflow/dags/pipeline.py
[2025-05-27T08:20:28.799+0000] {processor.py:925} INFO - DAG(s) 'pipeline' retrieved from /opt/airflow/dags/pipeline.py
[2025-05-27T08:20:28.899+0000] {logging_mixin.py:190} INFO - [2025-05-27T08:20:28.899+0000] {dag.py:3239} INFO - Sync 1 DAGs
[2025-05-27T08:20:28.917+0000] {logging_mixin.py:190} INFO - [2025-05-27T08:20:28.917+0000] {dag.py:4180} INFO - Setting next_dagrun for pipeline to 2025-05-27 00:00:00+00:00, run_after=2025-05-28 00:00:00+00:00
[2025-05-27T08:20:28.991+0000] {processor.py:208} INFO - Processing /opt/airflow/dags/pipeline.py took 0.229 seconds
[2025-05-27T08:20:55.144+0000] {processor.py:186} INFO - Started process (PID=668) to work on /opt/airflow/dags/pipeline.py
[2025-05-27T08:20:55.145+0000] {processor.py:914} INFO - Processing file /opt/airflow/dags/pipeline.py for tasks to queue
[2025-05-27T08:20:55.146+0000] {logging_mixin.py:190} INFO - [2025-05-27T08:20:55.146+0000] {dagbag.py:588} INFO - Filling up the DagBag from /opt/airflow/dags/pipeline.py
[2025-05-27T08:20:55.177+0000] {processor.py:925} INFO - DAG(s) 'pipeline' retrieved from /opt/airflow/dags/pipeline.py
[2025-05-27T08:20:55.188+0000] {logging_mixin.py:190} INFO - [2025-05-27T08:20:55.188+0000] {dag.py:3239} INFO - Sync 1 DAGs
[2025-05-27T08:20:55.211+0000] {logging_mixin.py:190} INFO - [2025-05-27T08:20:55.210+0000] {dag.py:4180} INFO - Setting next_dagrun for pipeline to 2025-05-27 00:00:00+00:00, run_after=2025-05-28 00:00:00+00:00
[2025-05-27T08:20:55.256+0000] {processor.py:208} INFO - Processing /opt/airflow/dags/pipeline.py took 0.117 seconds
[2025-05-27T08:21:25.464+0000] {processor.py:186} INFO - Started process (PID=687) to work on /opt/airflow/dags/pipeline.py
[2025-05-27T08:21:25.466+0000] {processor.py:914} INFO - Processing file /opt/airflow/dags/pipeline.py for tasks to queue
[2025-05-27T08:21:25.469+0000] {logging_mixin.py:190} INFO - [2025-05-27T08:21:25.468+0000] {dagbag.py:588} INFO - Filling up the DagBag from /opt/airflow/dags/pipeline.py
[2025-05-27T08:21:25.498+0000] {processor.py:925} INFO - DAG(s) 'pipeline' retrieved from /opt/airflow/dags/pipeline.py
[2025-05-27T08:21:25.606+0000] {logging_mixin.py:190} INFO - [2025-05-27T08:21:25.606+0000] {dag.py:3239} INFO - Sync 1 DAGs
[2025-05-27T08:21:25.626+0000] {logging_mixin.py:190} INFO - [2025-05-27T08:21:25.626+0000] {dag.py:4180} INFO - Setting next_dagrun for pipeline to 2025-05-27 00:00:00+00:00, run_after=2025-05-28 00:00:00+00:00
[2025-05-27T08:21:25.645+0000] {processor.py:208} INFO - Processing /opt/airflow/dags/pipeline.py took 0.190 seconds
[2025-05-27T08:21:55.924+0000] {processor.py:186} INFO - Started process (PID=692) to work on /opt/airflow/dags/pipeline.py
[2025-05-27T08:21:55.925+0000] {processor.py:914} INFO - Processing file /opt/airflow/dags/pipeline.py for tasks to queue
[2025-05-27T08:21:55.926+0000] {logging_mixin.py:190} INFO - [2025-05-27T08:21:55.926+0000] {dagbag.py:588} INFO - Filling up the DagBag from /opt/airflow/dags/pipeline.py
[2025-05-27T08:21:55.950+0000] {processor.py:925} INFO - DAG(s) 'pipeline' retrieved from /opt/airflow/dags/pipeline.py
[2025-05-27T08:21:55.975+0000] {logging_mixin.py:190} INFO - [2025-05-27T08:21:55.975+0000] {dag.py:3239} INFO - Sync 1 DAGs
[2025-05-27T08:21:55.999+0000] {logging_mixin.py:190} INFO - [2025-05-27T08:21:55.999+0000] {dag.py:4180} INFO - Setting next_dagrun for pipeline to 2025-05-27 00:00:00+00:00, run_after=2025-05-28 00:00:00+00:00
[2025-05-27T08:21:56.065+0000] {processor.py:208} INFO - Processing /opt/airflow/dags/pipeline.py took 0.149 seconds
[2025-05-27T08:22:26.431+0000] {processor.py:186} INFO - Started process (PID=697) to work on /opt/airflow/dags/pipeline.py
[2025-05-27T08:22:26.433+0000] {processor.py:914} INFO - Processing file /opt/airflow/dags/pipeline.py for tasks to queue
[2025-05-27T08:22:26.434+0000] {logging_mixin.py:190} INFO - [2025-05-27T08:22:26.434+0000] {dagbag.py:588} INFO - Filling up the DagBag from /opt/airflow/dags/pipeline.py
[2025-05-27T08:22:26.460+0000] {processor.py:925} INFO - DAG(s) 'pipeline' retrieved from /opt/airflow/dags/pipeline.py
[2025-05-27T08:22:26.488+0000] {logging_mixin.py:190} INFO - [2025-05-27T08:22:26.488+0000] {dag.py:3239} INFO - Sync 1 DAGs
[2025-05-27T08:22:26.508+0000] {logging_mixin.py:190} INFO - [2025-05-27T08:22:26.508+0000] {dag.py:4180} INFO - Setting next_dagrun for pipeline to 2025-05-27 00:00:00+00:00, run_after=2025-05-28 00:00:00+00:00
[2025-05-27T08:22:26.541+0000] {processor.py:208} INFO - Processing /opt/airflow/dags/pipeline.py took 0.119 seconds
[2025-05-27T08:22:56.781+0000] {processor.py:186} INFO - Started process (PID=702) to work on /opt/airflow/dags/pipeline.py
[2025-05-27T08:22:56.782+0000] {processor.py:914} INFO - Processing file /opt/airflow/dags/pipeline.py for tasks to queue
[2025-05-27T08:22:56.784+0000] {logging_mixin.py:190} INFO - [2025-05-27T08:22:56.783+0000] {dagbag.py:588} INFO - Filling up the DagBag from /opt/airflow/dags/pipeline.py
[2025-05-27T08:22:56.810+0000] {processor.py:925} INFO - DAG(s) 'pipeline' retrieved from /opt/airflow/dags/pipeline.py
[2025-05-27T08:22:56.837+0000] {logging_mixin.py:190} INFO - [2025-05-27T08:22:56.837+0000] {dag.py:3239} INFO - Sync 1 DAGs
[2025-05-27T08:22:56.857+0000] {logging_mixin.py:190} INFO - [2025-05-27T08:22:56.857+0000] {dag.py:4180} INFO - Setting next_dagrun for pipeline to 2025-05-27 00:00:00+00:00, run_after=2025-05-28 00:00:00+00:00
[2025-05-27T08:22:56.876+0000] {processor.py:208} INFO - Processing /opt/airflow/dags/pipeline.py took 0.102 seconds
[2025-05-27T08:23:27.154+0000] {processor.py:186} INFO - Started process (PID=707) to work on /opt/airflow/dags/pipeline.py
[2025-05-27T08:23:27.155+0000] {processor.py:914} INFO - Processing file /opt/airflow/dags/pipeline.py for tasks to queue
[2025-05-27T08:23:27.156+0000] {logging_mixin.py:190} INFO - [2025-05-27T08:23:27.155+0000] {dagbag.py:588} INFO - Filling up the DagBag from /opt/airflow/dags/pipeline.py
[2025-05-27T08:23:27.183+0000] {processor.py:925} INFO - DAG(s) 'pipeline' retrieved from /opt/airflow/dags/pipeline.py
[2025-05-27T08:23:27.210+0000] {logging_mixin.py:190} INFO - [2025-05-27T08:23:27.210+0000] {dag.py:3239} INFO - Sync 1 DAGs
[2025-05-27T08:23:27.227+0000] {logging_mixin.py:190} INFO - [2025-05-27T08:23:27.227+0000] {dag.py:4180} INFO - Setting next_dagrun for pipeline to 2025-05-27 00:00:00+00:00, run_after=2025-05-28 00:00:00+00:00
[2025-05-27T08:23:27.299+0000] {processor.py:208} INFO - Processing /opt/airflow/dags/pipeline.py took 0.150 seconds
[2025-05-27T08:23:57.616+0000] {processor.py:186} INFO - Started process (PID=712) to work on /opt/airflow/dags/pipeline.py
[2025-05-27T08:23:57.618+0000] {processor.py:914} INFO - Processing file /opt/airflow/dags/pipeline.py for tasks to queue
[2025-05-27T08:23:57.620+0000] {logging_mixin.py:190} INFO - [2025-05-27T08:23:57.620+0000] {dagbag.py:588} INFO - Filling up the DagBag from /opt/airflow/dags/pipeline.py
[2025-05-27T08:23:57.739+0000] {processor.py:925} INFO - DAG(s) 'pipeline' retrieved from /opt/airflow/dags/pipeline.py
[2025-05-27T08:23:57.766+0000] {logging_mixin.py:190} INFO - [2025-05-27T08:23:57.766+0000] {dag.py:3239} INFO - Sync 1 DAGs
[2025-05-27T08:23:57.788+0000] {logging_mixin.py:190} INFO - [2025-05-27T08:23:57.788+0000] {dag.py:4180} INFO - Setting next_dagrun for pipeline to 2025-05-27 00:00:00+00:00, run_after=2025-05-28 00:00:00+00:00
[2025-05-27T08:23:57.831+0000] {processor.py:208} INFO - Processing /opt/airflow/dags/pipeline.py took 0.221 seconds
[2025-05-27T08:24:28.030+0000] {processor.py:186} INFO - Started process (PID=717) to work on /opt/airflow/dags/pipeline.py
[2025-05-27T08:24:28.031+0000] {processor.py:914} INFO - Processing file /opt/airflow/dags/pipeline.py for tasks to queue
[2025-05-27T08:24:28.032+0000] {logging_mixin.py:190} INFO - [2025-05-27T08:24:28.032+0000] {dagbag.py:588} INFO - Filling up the DagBag from /opt/airflow/dags/pipeline.py
[2025-05-27T08:24:28.050+0000] {processor.py:925} INFO - DAG(s) 'pipeline' retrieved from /opt/airflow/dags/pipeline.py
[2025-05-27T08:24:28.075+0000] {logging_mixin.py:190} INFO - [2025-05-27T08:24:28.074+0000] {dag.py:3239} INFO - Sync 1 DAGs
[2025-05-27T08:24:28.092+0000] {logging_mixin.py:190} INFO - [2025-05-27T08:24:28.092+0000] {dag.py:4180} INFO - Setting next_dagrun for pipeline to 2025-05-27 00:00:00+00:00, run_after=2025-05-28 00:00:00+00:00
[2025-05-27T08:24:28.166+0000] {processor.py:208} INFO - Processing /opt/airflow/dags/pipeline.py took 0.142 seconds
[2025-05-27T08:24:58.426+0000] {processor.py:186} INFO - Started process (PID=722) to work on /opt/airflow/dags/pipeline.py
[2025-05-27T08:24:58.429+0000] {processor.py:914} INFO - Processing file /opt/airflow/dags/pipeline.py for tasks to queue
[2025-05-27T08:24:58.435+0000] {logging_mixin.py:190} INFO - [2025-05-27T08:24:58.432+0000] {dagbag.py:588} INFO - Filling up the DagBag from /opt/airflow/dags/pipeline.py
[2025-05-27T08:24:58.467+0000] {processor.py:925} INFO - DAG(s) 'pipeline' retrieved from /opt/airflow/dags/pipeline.py
[2025-05-27T08:24:58.488+0000] {logging_mixin.py:190} INFO - [2025-05-27T08:24:58.487+0000] {dag.py:3239} INFO - Sync 1 DAGs
[2025-05-27T08:24:58.506+0000] {logging_mixin.py:190} INFO - [2025-05-27T08:24:58.505+0000] {dag.py:4180} INFO - Setting next_dagrun for pipeline to 2025-05-27 00:00:00+00:00, run_after=2025-05-28 00:00:00+00:00
[2025-05-27T08:24:58.584+0000] {processor.py:208} INFO - Processing /opt/airflow/dags/pipeline.py took 0.163 seconds
[2025-05-27T08:25:28.907+0000] {processor.py:186} INFO - Started process (PID=727) to work on /opt/airflow/dags/pipeline.py
[2025-05-27T08:25:28.908+0000] {processor.py:914} INFO - Processing file /opt/airflow/dags/pipeline.py for tasks to queue
[2025-05-27T08:25:28.910+0000] {logging_mixin.py:190} INFO - [2025-05-27T08:25:28.910+0000] {dagbag.py:588} INFO - Filling up the DagBag from /opt/airflow/dags/pipeline.py
[2025-05-27T08:25:28.926+0000] {processor.py:925} INFO - DAG(s) 'pipeline' retrieved from /opt/airflow/dags/pipeline.py
[2025-05-27T08:25:28.948+0000] {logging_mixin.py:190} INFO - [2025-05-27T08:25:28.948+0000] {dag.py:3239} INFO - Sync 1 DAGs
[2025-05-27T08:25:28.966+0000] {logging_mixin.py:190} INFO - [2025-05-27T08:25:28.966+0000] {dag.py:4180} INFO - Setting next_dagrun for pipeline to 2025-05-27 00:00:00+00:00, run_after=2025-05-28 00:00:00+00:00
[2025-05-27T08:25:29.038+0000] {processor.py:208} INFO - Processing /opt/airflow/dags/pipeline.py took 0.135 seconds
[2025-05-27T08:25:59.334+0000] {processor.py:186} INFO - Started process (PID=732) to work on /opt/airflow/dags/pipeline.py
[2025-05-27T08:25:59.335+0000] {processor.py:914} INFO - Processing file /opt/airflow/dags/pipeline.py for tasks to queue
[2025-05-27T08:25:59.336+0000] {logging_mixin.py:190} INFO - [2025-05-27T08:25:59.336+0000] {dagbag.py:588} INFO - Filling up the DagBag from /opt/airflow/dags/pipeline.py
[2025-05-27T08:25:59.351+0000] {processor.py:925} INFO - DAG(s) 'pipeline' retrieved from /opt/airflow/dags/pipeline.py
[2025-05-27T08:25:59.371+0000] {logging_mixin.py:190} INFO - [2025-05-27T08:25:59.371+0000] {dag.py:3239} INFO - Sync 1 DAGs
[2025-05-27T08:25:59.389+0000] {logging_mixin.py:190} INFO - [2025-05-27T08:25:59.388+0000] {dag.py:4180} INFO - Setting next_dagrun for pipeline to 2025-05-27 00:00:00+00:00, run_after=2025-05-28 00:00:00+00:00
[2025-05-27T08:25:59.408+0000] {processor.py:208} INFO - Processing /opt/airflow/dags/pipeline.py took 0.078 seconds
[2025-05-27T08:26:29.796+0000] {processor.py:186} INFO - Started process (PID=737) to work on /opt/airflow/dags/pipeline.py
[2025-05-27T08:26:29.798+0000] {processor.py:914} INFO - Processing file /opt/airflow/dags/pipeline.py for tasks to queue
[2025-05-27T08:26:29.799+0000] {logging_mixin.py:190} INFO - [2025-05-27T08:26:29.799+0000] {dagbag.py:588} INFO - Filling up the DagBag from /opt/airflow/dags/pipeline.py
[2025-05-27T08:26:29.839+0000] {processor.py:925} INFO - DAG(s) 'pipeline' retrieved from /opt/airflow/dags/pipeline.py
[2025-05-27T08:26:29.873+0000] {logging_mixin.py:190} INFO - [2025-05-27T08:26:29.873+0000] {dag.py:3239} INFO - Sync 1 DAGs
[2025-05-27T08:26:29.896+0000] {logging_mixin.py:190} INFO - [2025-05-27T08:26:29.896+0000] {dag.py:4180} INFO - Setting next_dagrun for pipeline to 2025-05-27 00:00:00+00:00, run_after=2025-05-28 00:00:00+00:00
[2025-05-27T08:26:29.916+0000] {processor.py:208} INFO - Processing /opt/airflow/dags/pipeline.py took 0.130 seconds
[2025-05-27T08:27:00.121+0000] {processor.py:186} INFO - Started process (PID=742) to work on /opt/airflow/dags/pipeline.py
[2025-05-27T08:27:00.123+0000] {processor.py:914} INFO - Processing file /opt/airflow/dags/pipeline.py for tasks to queue
[2025-05-27T08:27:00.125+0000] {logging_mixin.py:190} INFO - [2025-05-27T08:27:00.124+0000] {dagbag.py:588} INFO - Filling up the DagBag from /opt/airflow/dags/pipeline.py
[2025-05-27T08:27:00.155+0000] {processor.py:925} INFO - DAG(s) 'pipeline' retrieved from /opt/airflow/dags/pipeline.py
[2025-05-27T08:27:00.175+0000] {logging_mixin.py:190} INFO - [2025-05-27T08:27:00.175+0000] {dag.py:3239} INFO - Sync 1 DAGs
[2025-05-27T08:27:00.192+0000] {logging_mixin.py:190} INFO - [2025-05-27T08:27:00.192+0000] {dag.py:4180} INFO - Setting next_dagrun for pipeline to 2025-05-27 00:00:00+00:00, run_after=2025-05-28 00:00:00+00:00
[2025-05-27T08:27:00.212+0000] {processor.py:208} INFO - Processing /opt/airflow/dags/pipeline.py took 0.099 seconds
[2025-05-27T08:27:30.551+0000] {processor.py:186} INFO - Started process (PID=747) to work on /opt/airflow/dags/pipeline.py
[2025-05-27T08:27:30.551+0000] {processor.py:914} INFO - Processing file /opt/airflow/dags/pipeline.py for tasks to queue
[2025-05-27T08:27:30.552+0000] {logging_mixin.py:190} INFO - [2025-05-27T08:27:30.552+0000] {dagbag.py:588} INFO - Filling up the DagBag from /opt/airflow/dags/pipeline.py
[2025-05-27T08:27:30.568+0000] {processor.py:925} INFO - DAG(s) 'pipeline' retrieved from /opt/airflow/dags/pipeline.py
[2025-05-27T08:27:30.591+0000] {logging_mixin.py:190} INFO - [2025-05-27T08:27:30.591+0000] {dag.py:3239} INFO - Sync 1 DAGs
[2025-05-27T08:27:30.609+0000] {logging_mixin.py:190} INFO - [2025-05-27T08:27:30.609+0000] {dag.py:4180} INFO - Setting next_dagrun for pipeline to 2025-05-27 00:00:00+00:00, run_after=2025-05-28 00:00:00+00:00
[2025-05-27T08:27:30.625+0000] {processor.py:208} INFO - Processing /opt/airflow/dags/pipeline.py took 0.079 seconds
[2025-05-27T08:28:00.942+0000] {processor.py:186} INFO - Started process (PID=752) to work on /opt/airflow/dags/pipeline.py
[2025-05-27T08:28:00.943+0000] {processor.py:914} INFO - Processing file /opt/airflow/dags/pipeline.py for tasks to queue
[2025-05-27T08:28:00.944+0000] {logging_mixin.py:190} INFO - [2025-05-27T08:28:00.944+0000] {dagbag.py:588} INFO - Filling up the DagBag from /opt/airflow/dags/pipeline.py
[2025-05-27T08:28:00.964+0000] {processor.py:925} INFO - DAG(s) 'pipeline' retrieved from /opt/airflow/dags/pipeline.py
[2025-05-27T08:28:00.982+0000] {logging_mixin.py:190} INFO - [2025-05-27T08:28:00.982+0000] {dag.py:3239} INFO - Sync 1 DAGs
[2025-05-27T08:28:00.999+0000] {logging_mixin.py:190} INFO - [2025-05-27T08:28:00.999+0000] {dag.py:4180} INFO - Setting next_dagrun for pipeline to 2025-05-27 00:00:00+00:00, run_after=2025-05-28 00:00:00+00:00
[2025-05-27T08:28:01.072+0000] {processor.py:208} INFO - Processing /opt/airflow/dags/pipeline.py took 0.135 seconds
[2025-05-27T08:28:31.315+0000] {processor.py:186} INFO - Started process (PID=757) to work on /opt/airflow/dags/pipeline.py
[2025-05-27T08:28:31.316+0000] {processor.py:914} INFO - Processing file /opt/airflow/dags/pipeline.py for tasks to queue
[2025-05-27T08:28:31.318+0000] {logging_mixin.py:190} INFO - [2025-05-27T08:28:31.318+0000] {dagbag.py:588} INFO - Filling up the DagBag from /opt/airflow/dags/pipeline.py
[2025-05-27T08:28:31.339+0000] {processor.py:925} INFO - DAG(s) 'pipeline' retrieved from /opt/airflow/dags/pipeline.py
[2025-05-27T08:28:31.361+0000] {logging_mixin.py:190} INFO - [2025-05-27T08:28:31.361+0000] {dag.py:3239} INFO - Sync 1 DAGs
[2025-05-27T08:28:31.379+0000] {logging_mixin.py:190} INFO - [2025-05-27T08:28:31.379+0000] {dag.py:4180} INFO - Setting next_dagrun for pipeline to 2025-05-27 00:00:00+00:00, run_after=2025-05-28 00:00:00+00:00
[2025-05-27T08:28:31.396+0000] {processor.py:208} INFO - Processing /opt/airflow/dags/pipeline.py took 0.086 seconds
[2025-05-27T08:29:01.673+0000] {processor.py:186} INFO - Started process (PID=762) to work on /opt/airflow/dags/pipeline.py
[2025-05-27T08:29:01.674+0000] {processor.py:914} INFO - Processing file /opt/airflow/dags/pipeline.py for tasks to queue
[2025-05-27T08:29:01.676+0000] {logging_mixin.py:190} INFO - [2025-05-27T08:29:01.676+0000] {dagbag.py:588} INFO - Filling up the DagBag from /opt/airflow/dags/pipeline.py
[2025-05-27T08:29:01.713+0000] {processor.py:925} INFO - DAG(s) 'pipeline' retrieved from /opt/airflow/dags/pipeline.py
[2025-05-27T08:29:01.734+0000] {logging_mixin.py:190} INFO - [2025-05-27T08:29:01.733+0000] {dag.py:3239} INFO - Sync 1 DAGs
[2025-05-27T08:29:01.751+0000] {logging_mixin.py:190} INFO - [2025-05-27T08:29:01.751+0000] {dag.py:4180} INFO - Setting next_dagrun for pipeline to 2025-05-27 00:00:00+00:00, run_after=2025-05-28 00:00:00+00:00
[2025-05-27T08:29:01.769+0000] {processor.py:208} INFO - Processing /opt/airflow/dags/pipeline.py took 0.101 seconds
[2025-05-27T08:29:31.995+0000] {processor.py:186} INFO - Started process (PID=767) to work on /opt/airflow/dags/pipeline.py
[2025-05-27T08:29:31.996+0000] {processor.py:914} INFO - Processing file /opt/airflow/dags/pipeline.py for tasks to queue
[2025-05-27T08:29:31.998+0000] {logging_mixin.py:190} INFO - [2025-05-27T08:29:31.998+0000] {dagbag.py:588} INFO - Filling up the DagBag from /opt/airflow/dags/pipeline.py
[2025-05-27T08:29:32.035+0000] {processor.py:925} INFO - DAG(s) 'pipeline' retrieved from /opt/airflow/dags/pipeline.py
[2025-05-27T08:29:32.057+0000] {logging_mixin.py:190} INFO - [2025-05-27T08:29:32.057+0000] {dag.py:3239} INFO - Sync 1 DAGs
[2025-05-27T08:29:32.075+0000] {logging_mixin.py:190} INFO - [2025-05-27T08:29:32.075+0000] {dag.py:4180} INFO - Setting next_dagrun for pipeline to 2025-05-27 00:00:00+00:00, run_after=2025-05-28 00:00:00+00:00
[2025-05-27T08:29:32.148+0000] {processor.py:208} INFO - Processing /opt/airflow/dags/pipeline.py took 0.158 seconds
[2025-05-27T08:30:02.399+0000] {processor.py:186} INFO - Started process (PID=772) to work on /opt/airflow/dags/pipeline.py
[2025-05-27T08:30:02.400+0000] {processor.py:914} INFO - Processing file /opt/airflow/dags/pipeline.py for tasks to queue
[2025-05-27T08:30:02.402+0000] {logging_mixin.py:190} INFO - [2025-05-27T08:30:02.401+0000] {dagbag.py:588} INFO - Filling up the DagBag from /opt/airflow/dags/pipeline.py
[2025-05-27T08:30:02.419+0000] {processor.py:925} INFO - DAG(s) 'pipeline' retrieved from /opt/airflow/dags/pipeline.py
[2025-05-27T08:30:02.440+0000] {logging_mixin.py:190} INFO - [2025-05-27T08:30:02.439+0000] {dag.py:3239} INFO - Sync 1 DAGs
[2025-05-27T08:30:02.456+0000] {logging_mixin.py:190} INFO - [2025-05-27T08:30:02.456+0000] {dag.py:4180} INFO - Setting next_dagrun for pipeline to 2025-05-27 00:00:00+00:00, run_after=2025-05-28 00:00:00+00:00
[2025-05-27T08:30:02.522+0000] {processor.py:208} INFO - Processing /opt/airflow/dags/pipeline.py took 0.128 seconds
[2025-05-27T08:30:32.845+0000] {processor.py:186} INFO - Started process (PID=777) to work on /opt/airflow/dags/pipeline.py
[2025-05-27T08:30:32.847+0000] {processor.py:914} INFO - Processing file /opt/airflow/dags/pipeline.py for tasks to queue
[2025-05-27T08:30:32.848+0000] {logging_mixin.py:190} INFO - [2025-05-27T08:30:32.847+0000] {dagbag.py:588} INFO - Filling up the DagBag from /opt/airflow/dags/pipeline.py
[2025-05-27T08:30:32.864+0000] {processor.py:925} INFO - DAG(s) 'pipeline' retrieved from /opt/airflow/dags/pipeline.py
[2025-05-27T08:30:32.885+0000] {logging_mixin.py:190} INFO - [2025-05-27T08:30:32.885+0000] {dag.py:3239} INFO - Sync 1 DAGs
[2025-05-27T08:30:32.902+0000] {logging_mixin.py:190} INFO - [2025-05-27T08:30:32.902+0000] {dag.py:4180} INFO - Setting next_dagrun for pipeline to 2025-05-27 00:00:00+00:00, run_after=2025-05-28 00:00:00+00:00
[2025-05-27T08:30:32.920+0000] {processor.py:208} INFO - Processing /opt/airflow/dags/pipeline.py took 0.079 seconds
[2025-05-27T08:31:03.232+0000] {processor.py:186} INFO - Started process (PID=782) to work on /opt/airflow/dags/pipeline.py
[2025-05-27T08:31:03.233+0000] {processor.py:914} INFO - Processing file /opt/airflow/dags/pipeline.py for tasks to queue
[2025-05-27T08:31:03.234+0000] {logging_mixin.py:190} INFO - [2025-05-27T08:31:03.234+0000] {dagbag.py:588} INFO - Filling up the DagBag from /opt/airflow/dags/pipeline.py
[2025-05-27T08:31:03.249+0000] {processor.py:925} INFO - DAG(s) 'pipeline' retrieved from /opt/airflow/dags/pipeline.py
[2025-05-27T08:31:03.274+0000] {logging_mixin.py:190} INFO - [2025-05-27T08:31:03.274+0000] {dag.py:3239} INFO - Sync 1 DAGs
[2025-05-27T08:31:03.292+0000] {logging_mixin.py:190} INFO - [2025-05-27T08:31:03.292+0000] {dag.py:4180} INFO - Setting next_dagrun for pipeline to 2025-05-27 00:00:00+00:00, run_after=2025-05-28 00:00:00+00:00
[2025-05-27T08:31:03.309+0000] {processor.py:208} INFO - Processing /opt/airflow/dags/pipeline.py took 0.082 seconds
[2025-05-27T08:31:33.528+0000] {processor.py:186} INFO - Started process (PID=787) to work on /opt/airflow/dags/pipeline.py
[2025-05-27T08:31:33.529+0000] {processor.py:914} INFO - Processing file /opt/airflow/dags/pipeline.py for tasks to queue
[2025-05-27T08:31:33.530+0000] {logging_mixin.py:190} INFO - [2025-05-27T08:31:33.530+0000] {dagbag.py:588} INFO - Filling up the DagBag from /opt/airflow/dags/pipeline.py
[2025-05-27T08:31:33.565+0000] {processor.py:925} INFO - DAG(s) 'pipeline' retrieved from /opt/airflow/dags/pipeline.py
[2025-05-27T08:31:33.607+0000] {logging_mixin.py:190} INFO - [2025-05-27T08:31:33.607+0000] {dag.py:3239} INFO - Sync 1 DAGs
[2025-05-27T08:31:33.628+0000] {logging_mixin.py:190} INFO - [2025-05-27T08:31:33.628+0000] {dag.py:4180} INFO - Setting next_dagrun for pipeline to 2025-05-27 00:00:00+00:00, run_after=2025-05-28 00:00:00+00:00
[2025-05-27T08:31:33.658+0000] {processor.py:208} INFO - Processing /opt/airflow/dags/pipeline.py took 0.142 seconds
[2025-05-27T08:32:03.913+0000] {processor.py:186} INFO - Started process (PID=792) to work on /opt/airflow/dags/pipeline.py
[2025-05-27T08:32:03.914+0000] {processor.py:914} INFO - Processing file /opt/airflow/dags/pipeline.py for tasks to queue
[2025-05-27T08:32:03.915+0000] {logging_mixin.py:190} INFO - [2025-05-27T08:32:03.915+0000] {dagbag.py:588} INFO - Filling up the DagBag from /opt/airflow/dags/pipeline.py
[2025-05-27T08:32:03.935+0000] {processor.py:925} INFO - DAG(s) 'pipeline' retrieved from /opt/airflow/dags/pipeline.py
[2025-05-27T08:32:03.960+0000] {logging_mixin.py:190} INFO - [2025-05-27T08:32:03.960+0000] {dag.py:3239} INFO - Sync 1 DAGs
[2025-05-27T08:32:03.978+0000] {logging_mixin.py:190} INFO - [2025-05-27T08:32:03.978+0000] {dag.py:4180} INFO - Setting next_dagrun for pipeline to 2025-05-27 00:00:00+00:00, run_after=2025-05-28 00:00:00+00:00
[2025-05-27T08:32:04.049+0000] {processor.py:208} INFO - Processing /opt/airflow/dags/pipeline.py took 0.142 seconds
[2025-05-27T08:32:34.425+0000] {processor.py:186} INFO - Started process (PID=797) to work on /opt/airflow/dags/pipeline.py
[2025-05-27T08:32:34.426+0000] {processor.py:914} INFO - Processing file /opt/airflow/dags/pipeline.py for tasks to queue
[2025-05-27T08:32:34.427+0000] {logging_mixin.py:190} INFO - [2025-05-27T08:32:34.427+0000] {dagbag.py:588} INFO - Filling up the DagBag from /opt/airflow/dags/pipeline.py
[2025-05-27T08:32:34.444+0000] {processor.py:925} INFO - DAG(s) 'pipeline' retrieved from /opt/airflow/dags/pipeline.py
[2025-05-27T08:32:34.463+0000] {logging_mixin.py:190} INFO - [2025-05-27T08:32:34.463+0000] {dag.py:3239} INFO - Sync 1 DAGs
[2025-05-27T08:32:34.480+0000] {logging_mixin.py:190} INFO - [2025-05-27T08:32:34.480+0000] {dag.py:4180} INFO - Setting next_dagrun for pipeline to 2025-05-27 00:00:00+00:00, run_after=2025-05-28 00:00:00+00:00
[2025-05-27T08:32:34.498+0000] {processor.py:208} INFO - Processing /opt/airflow/dags/pipeline.py took 0.078 seconds
[2025-05-27T08:33:04.883+0000] {processor.py:186} INFO - Started process (PID=802) to work on /opt/airflow/dags/pipeline.py
[2025-05-27T08:33:04.884+0000] {processor.py:914} INFO - Processing file /opt/airflow/dags/pipeline.py for tasks to queue
[2025-05-27T08:33:04.885+0000] {logging_mixin.py:190} INFO - [2025-05-27T08:33:04.885+0000] {dagbag.py:588} INFO - Filling up the DagBag from /opt/airflow/dags/pipeline.py
[2025-05-27T08:33:04.903+0000] {processor.py:925} INFO - DAG(s) 'pipeline' retrieved from /opt/airflow/dags/pipeline.py
[2025-05-27T08:33:04.926+0000] {logging_mixin.py:190} INFO - [2025-05-27T08:33:04.925+0000] {dag.py:3239} INFO - Sync 1 DAGs
[2025-05-27T08:33:04.943+0000] {logging_mixin.py:190} INFO - [2025-05-27T08:33:04.943+0000] {dag.py:4180} INFO - Setting next_dagrun for pipeline to 2025-05-27 00:00:00+00:00, run_after=2025-05-28 00:00:00+00:00
[2025-05-27T08:33:04.948+0000] {processor.py:208} INFO - Processing /opt/airflow/dags/pipeline.py took 0.082 seconds
[2025-05-27T08:33:35.275+0000] {processor.py:186} INFO - Started process (PID=807) to work on /opt/airflow/dags/pipeline.py
[2025-05-27T08:33:35.276+0000] {processor.py:914} INFO - Processing file /opt/airflow/dags/pipeline.py for tasks to queue
[2025-05-27T08:33:35.278+0000] {logging_mixin.py:190} INFO - [2025-05-27T08:33:35.277+0000] {dagbag.py:588} INFO - Filling up the DagBag from /opt/airflow/dags/pipeline.py
[2025-05-27T08:33:35.296+0000] {processor.py:925} INFO - DAG(s) 'pipeline' retrieved from /opt/airflow/dags/pipeline.py
[2025-05-27T08:33:35.318+0000] {logging_mixin.py:190} INFO - [2025-05-27T08:33:35.318+0000] {dag.py:3239} INFO - Sync 1 DAGs
[2025-05-27T08:33:35.335+0000] {logging_mixin.py:190} INFO - [2025-05-27T08:33:35.335+0000] {dag.py:4180} INFO - Setting next_dagrun for pipeline to 2025-05-27 00:00:00+00:00, run_after=2025-05-28 00:00:00+00:00
[2025-05-27T08:33:35.354+0000] {processor.py:208} INFO - Processing /opt/airflow/dags/pipeline.py took 0.083 seconds
[2025-05-27T08:34:05.620+0000] {processor.py:186} INFO - Started process (PID=812) to work on /opt/airflow/dags/pipeline.py
[2025-05-27T08:34:05.620+0000] {processor.py:914} INFO - Processing file /opt/airflow/dags/pipeline.py for tasks to queue
[2025-05-27T08:34:05.623+0000] {logging_mixin.py:190} INFO - [2025-05-27T08:34:05.622+0000] {dagbag.py:588} INFO - Filling up the DagBag from /opt/airflow/dags/pipeline.py
[2025-05-27T08:34:05.640+0000] {processor.py:925} INFO - DAG(s) 'pipeline' retrieved from /opt/airflow/dags/pipeline.py
[2025-05-27T08:34:05.659+0000] {logging_mixin.py:190} INFO - [2025-05-27T08:34:05.659+0000] {dag.py:3239} INFO - Sync 1 DAGs
[2025-05-27T08:34:05.677+0000] {logging_mixin.py:190} INFO - [2025-05-27T08:34:05.677+0000] {dag.py:4180} INFO - Setting next_dagrun for pipeline to 2025-05-27 00:00:00+00:00, run_after=2025-05-28 00:00:00+00:00
[2025-05-27T08:34:05.695+0000] {processor.py:208} INFO - Processing /opt/airflow/dags/pipeline.py took 0.080 seconds
[2025-05-27T08:34:36.207+0000] {processor.py:186} INFO - Started process (PID=817) to work on /opt/airflow/dags/pipeline.py
[2025-05-27T08:34:36.208+0000] {processor.py:914} INFO - Processing file /opt/airflow/dags/pipeline.py for tasks to queue
[2025-05-27T08:34:36.210+0000] {logging_mixin.py:190} INFO - [2025-05-27T08:34:36.209+0000] {dagbag.py:588} INFO - Filling up the DagBag from /opt/airflow/dags/pipeline.py
[2025-05-27T08:34:36.233+0000] {processor.py:925} INFO - DAG(s) 'pipeline' retrieved from /opt/airflow/dags/pipeline.py
[2025-05-27T08:34:36.254+0000] {logging_mixin.py:190} INFO - [2025-05-27T08:34:36.253+0000] {dag.py:3239} INFO - Sync 1 DAGs
[2025-05-27T08:34:36.276+0000] {logging_mixin.py:190} INFO - [2025-05-27T08:34:36.276+0000] {dag.py:4180} INFO - Setting next_dagrun for pipeline to 2025-05-27 00:00:00+00:00, run_after=2025-05-28 00:00:00+00:00
[2025-05-27T08:34:36.298+0000] {processor.py:208} INFO - Processing /opt/airflow/dags/pipeline.py took 0.095 seconds
[2025-05-27T08:35:06.499+0000] {processor.py:186} INFO - Started process (PID=822) to work on /opt/airflow/dags/pipeline.py
[2025-05-27T08:35:06.500+0000] {processor.py:914} INFO - Processing file /opt/airflow/dags/pipeline.py for tasks to queue
[2025-05-27T08:35:06.502+0000] {logging_mixin.py:190} INFO - [2025-05-27T08:35:06.501+0000] {dagbag.py:588} INFO - Filling up the DagBag from /opt/airflow/dags/pipeline.py
[2025-05-27T08:35:06.526+0000] {processor.py:925} INFO - DAG(s) 'pipeline' retrieved from /opt/airflow/dags/pipeline.py
[2025-05-27T08:35:06.548+0000] {logging_mixin.py:190} INFO - [2025-05-27T08:35:06.547+0000] {dag.py:3239} INFO - Sync 1 DAGs
[2025-05-27T08:35:06.565+0000] {logging_mixin.py:190} INFO - [2025-05-27T08:35:06.564+0000] {dag.py:4180} INFO - Setting next_dagrun for pipeline to 2025-05-27 00:00:00+00:00, run_after=2025-05-28 00:00:00+00:00
[2025-05-27T08:35:06.583+0000] {processor.py:208} INFO - Processing /opt/airflow/dags/pipeline.py took 0.089 seconds
[2025-05-27T08:35:37.110+0000] {processor.py:186} INFO - Started process (PID=827) to work on /opt/airflow/dags/pipeline.py
[2025-05-27T08:35:37.111+0000] {processor.py:914} INFO - Processing file /opt/airflow/dags/pipeline.py for tasks to queue
[2025-05-27T08:35:37.113+0000] {logging_mixin.py:190} INFO - [2025-05-27T08:35:37.113+0000] {dagbag.py:588} INFO - Filling up the DagBag from /opt/airflow/dags/pipeline.py
[2025-05-27T08:35:37.142+0000] {processor.py:925} INFO - DAG(s) 'pipeline' retrieved from /opt/airflow/dags/pipeline.py
[2025-05-27T08:35:37.161+0000] {logging_mixin.py:190} INFO - [2025-05-27T08:35:37.161+0000] {dag.py:3239} INFO - Sync 1 DAGs
[2025-05-27T08:35:37.179+0000] {logging_mixin.py:190} INFO - [2025-05-27T08:35:37.179+0000] {dag.py:4180} INFO - Setting next_dagrun for pipeline to 2025-05-27 00:00:00+00:00, run_after=2025-05-28 00:00:00+00:00
[2025-05-27T08:35:37.258+0000] {processor.py:208} INFO - Processing /opt/airflow/dags/pipeline.py took 0.154 seconds
[2025-05-27T08:36:07.378+0000] {processor.py:186} INFO - Started process (PID=832) to work on /opt/airflow/dags/pipeline.py
[2025-05-27T08:36:07.379+0000] {processor.py:914} INFO - Processing file /opt/airflow/dags/pipeline.py for tasks to queue
[2025-05-27T08:36:07.381+0000] {logging_mixin.py:190} INFO - [2025-05-27T08:36:07.380+0000] {dagbag.py:588} INFO - Filling up the DagBag from /opt/airflow/dags/pipeline.py
[2025-05-27T08:36:07.403+0000] {processor.py:925} INFO - DAG(s) 'pipeline' retrieved from /opt/airflow/dags/pipeline.py
[2025-05-27T08:36:07.426+0000] {logging_mixin.py:190} INFO - [2025-05-27T08:36:07.426+0000] {dag.py:3239} INFO - Sync 1 DAGs
[2025-05-27T08:36:07.443+0000] {logging_mixin.py:190} INFO - [2025-05-27T08:36:07.443+0000] {dag.py:4180} INFO - Setting next_dagrun for pipeline to 2025-05-27 00:00:00+00:00, run_after=2025-05-28 00:00:00+00:00
[2025-05-27T08:36:07.460+0000] {processor.py:208} INFO - Processing /opt/airflow/dags/pipeline.py took 0.087 seconds
[2025-05-27T08:36:37.853+0000] {processor.py:186} INFO - Started process (PID=837) to work on /opt/airflow/dags/pipeline.py
[2025-05-27T08:36:37.854+0000] {processor.py:914} INFO - Processing file /opt/airflow/dags/pipeline.py for tasks to queue
[2025-05-27T08:36:37.856+0000] {logging_mixin.py:190} INFO - [2025-05-27T08:36:37.855+0000] {dagbag.py:588} INFO - Filling up the DagBag from /opt/airflow/dags/pipeline.py
[2025-05-27T08:36:37.881+0000] {processor.py:925} INFO - DAG(s) 'pipeline' retrieved from /opt/airflow/dags/pipeline.py
[2025-05-27T08:36:37.901+0000] {logging_mixin.py:190} INFO - [2025-05-27T08:36:37.901+0000] {dag.py:3239} INFO - Sync 1 DAGs
[2025-05-27T08:36:37.920+0000] {logging_mixin.py:190} INFO - [2025-05-27T08:36:37.920+0000] {dag.py:4180} INFO - Setting next_dagrun for pipeline to 2025-05-27 00:00:00+00:00, run_after=2025-05-28 00:00:00+00:00
[2025-05-27T08:36:37.938+0000] {processor.py:208} INFO - Processing /opt/airflow/dags/pipeline.py took 0.090 seconds
[2025-05-27T08:37:08.158+0000] {processor.py:186} INFO - Started process (PID=842) to work on /opt/airflow/dags/pipeline.py
[2025-05-27T08:37:08.159+0000] {processor.py:914} INFO - Processing file /opt/airflow/dags/pipeline.py for tasks to queue
[2025-05-27T08:37:08.160+0000] {logging_mixin.py:190} INFO - [2025-05-27T08:37:08.160+0000] {dagbag.py:588} INFO - Filling up the DagBag from /opt/airflow/dags/pipeline.py
[2025-05-27T08:37:08.176+0000] {processor.py:925} INFO - DAG(s) 'pipeline' retrieved from /opt/airflow/dags/pipeline.py
[2025-05-27T08:37:08.196+0000] {logging_mixin.py:190} INFO - [2025-05-27T08:37:08.196+0000] {dag.py:3239} INFO - Sync 1 DAGs
[2025-05-27T08:37:08.216+0000] {logging_mixin.py:190} INFO - [2025-05-27T08:37:08.216+0000] {dag.py:4180} INFO - Setting next_dagrun for pipeline to 2025-05-27 00:00:00+00:00, run_after=2025-05-28 00:00:00+00:00
[2025-05-27T08:37:08.234+0000] {processor.py:208} INFO - Processing /opt/airflow/dags/pipeline.py took 0.080 seconds
[2025-05-27T08:37:38.563+0000] {processor.py:186} INFO - Started process (PID=847) to work on /opt/airflow/dags/pipeline.py
[2025-05-27T08:37:38.564+0000] {processor.py:914} INFO - Processing file /opt/airflow/dags/pipeline.py for tasks to queue
[2025-05-27T08:37:38.565+0000] {logging_mixin.py:190} INFO - [2025-05-27T08:37:38.565+0000] {dagbag.py:588} INFO - Filling up the DagBag from /opt/airflow/dags/pipeline.py
[2025-05-27T08:37:38.586+0000] {processor.py:925} INFO - DAG(s) 'pipeline' retrieved from /opt/airflow/dags/pipeline.py
[2025-05-27T08:37:38.608+0000] {logging_mixin.py:190} INFO - [2025-05-27T08:37:38.608+0000] {dag.py:3239} INFO - Sync 1 DAGs
[2025-05-27T08:37:38.625+0000] {logging_mixin.py:190} INFO - [2025-05-27T08:37:38.625+0000] {dag.py:4180} INFO - Setting next_dagrun for pipeline to 2025-05-27 00:00:00+00:00, run_after=2025-05-28 00:00:00+00:00
[2025-05-27T08:37:38.640+0000] {processor.py:208} INFO - Processing /opt/airflow/dags/pipeline.py took 0.082 seconds
[2025-05-27T08:38:08.973+0000] {processor.py:186} INFO - Started process (PID=852) to work on /opt/airflow/dags/pipeline.py
[2025-05-27T08:38:08.973+0000] {processor.py:914} INFO - Processing file /opt/airflow/dags/pipeline.py for tasks to queue
[2025-05-27T08:38:08.975+0000] {logging_mixin.py:190} INFO - [2025-05-27T08:38:08.975+0000] {dagbag.py:588} INFO - Filling up the DagBag from /opt/airflow/dags/pipeline.py
[2025-05-27T08:38:08.992+0000] {processor.py:925} INFO - DAG(s) 'pipeline' retrieved from /opt/airflow/dags/pipeline.py
[2025-05-27T08:38:09.012+0000] {logging_mixin.py:190} INFO - [2025-05-27T08:38:09.012+0000] {dag.py:3239} INFO - Sync 1 DAGs
[2025-05-27T08:38:09.029+0000] {logging_mixin.py:190} INFO - [2025-05-27T08:38:09.029+0000] {dag.py:4180} INFO - Setting next_dagrun for pipeline to 2025-05-27 00:00:00+00:00, run_after=2025-05-28 00:00:00+00:00
[2025-05-27T08:38:09.104+0000] {processor.py:208} INFO - Processing /opt/airflow/dags/pipeline.py took 0.136 seconds
[2025-05-27T08:38:39.538+0000] {processor.py:186} INFO - Started process (PID=857) to work on /opt/airflow/dags/pipeline.py
[2025-05-27T08:38:39.539+0000] {processor.py:914} INFO - Processing file /opt/airflow/dags/pipeline.py for tasks to queue
[2025-05-27T08:38:39.541+0000] {logging_mixin.py:190} INFO - [2025-05-27T08:38:39.541+0000] {dagbag.py:588} INFO - Filling up the DagBag from /opt/airflow/dags/pipeline.py
[2025-05-27T08:38:39.559+0000] {processor.py:925} INFO - DAG(s) 'pipeline' retrieved from /opt/airflow/dags/pipeline.py
[2025-05-27T08:38:39.580+0000] {logging_mixin.py:190} INFO - [2025-05-27T08:38:39.580+0000] {dag.py:3239} INFO - Sync 1 DAGs
[2025-05-27T08:38:39.597+0000] {logging_mixin.py:190} INFO - [2025-05-27T08:38:39.597+0000] {dag.py:4180} INFO - Setting next_dagrun for pipeline to 2025-05-27 00:00:00+00:00, run_after=2025-05-28 00:00:00+00:00
[2025-05-27T08:38:39.613+0000] {processor.py:208} INFO - Processing /opt/airflow/dags/pipeline.py took 0.081 seconds
[2025-05-27T08:39:09.818+0000] {processor.py:186} INFO - Started process (PID=862) to work on /opt/airflow/dags/pipeline.py
[2025-05-27T08:39:09.819+0000] {processor.py:914} INFO - Processing file /opt/airflow/dags/pipeline.py for tasks to queue
[2025-05-27T08:39:09.820+0000] {logging_mixin.py:190} INFO - [2025-05-27T08:39:09.819+0000] {dagbag.py:588} INFO - Filling up the DagBag from /opt/airflow/dags/pipeline.py
[2025-05-27T08:39:09.853+0000] {processor.py:925} INFO - DAG(s) 'pipeline' retrieved from /opt/airflow/dags/pipeline.py
[2025-05-27T08:39:09.882+0000] {logging_mixin.py:190} INFO - [2025-05-27T08:39:09.882+0000] {dag.py:3239} INFO - Sync 1 DAGs
[2025-05-27T08:39:09.908+0000] {logging_mixin.py:190} INFO - [2025-05-27T08:39:09.908+0000] {dag.py:4180} INFO - Setting next_dagrun for pipeline to 2025-05-27 00:00:00+00:00, run_after=2025-05-28 00:00:00+00:00
[2025-05-27T08:39:09.928+0000] {processor.py:208} INFO - Processing /opt/airflow/dags/pipeline.py took 0.115 seconds
[2025-05-27T08:39:40.329+0000] {processor.py:186} INFO - Started process (PID=867) to work on /opt/airflow/dags/pipeline.py
[2025-05-27T08:39:40.331+0000] {processor.py:914} INFO - Processing file /opt/airflow/dags/pipeline.py for tasks to queue
[2025-05-27T08:39:40.332+0000] {logging_mixin.py:190} INFO - [2025-05-27T08:39:40.332+0000] {dagbag.py:588} INFO - Filling up the DagBag from /opt/airflow/dags/pipeline.py
[2025-05-27T08:39:40.352+0000] {processor.py:925} INFO - DAG(s) 'pipeline' retrieved from /opt/airflow/dags/pipeline.py
[2025-05-27T08:39:40.372+0000] {logging_mixin.py:190} INFO - [2025-05-27T08:39:40.372+0000] {dag.py:3239} INFO - Sync 1 DAGs
[2025-05-27T08:39:40.388+0000] {logging_mixin.py:190} INFO - [2025-05-27T08:39:40.388+0000] {dag.py:4180} INFO - Setting next_dagrun for pipeline to 2025-05-27 00:00:00+00:00, run_after=2025-05-28 00:00:00+00:00
[2025-05-27T08:39:40.405+0000] {processor.py:208} INFO - Processing /opt/airflow/dags/pipeline.py took 0.083 seconds
[2025-05-27T08:40:10.808+0000] {processor.py:186} INFO - Started process (PID=872) to work on /opt/airflow/dags/pipeline.py
[2025-05-27T08:40:10.812+0000] {processor.py:914} INFO - Processing file /opt/airflow/dags/pipeline.py for tasks to queue
[2025-05-27T08:40:10.813+0000] {logging_mixin.py:190} INFO - [2025-05-27T08:40:10.813+0000] {dagbag.py:588} INFO - Filling up the DagBag from /opt/airflow/dags/pipeline.py
[2025-05-27T08:40:10.853+0000] {processor.py:925} INFO - DAG(s) 'pipeline' retrieved from /opt/airflow/dags/pipeline.py
[2025-05-27T08:40:10.882+0000] {logging_mixin.py:190} INFO - [2025-05-27T08:40:10.882+0000] {dag.py:3239} INFO - Sync 1 DAGs
[2025-05-27T08:40:10.899+0000] {logging_mixin.py:190} INFO - [2025-05-27T08:40:10.898+0000] {dag.py:4180} INFO - Setting next_dagrun for pipeline to 2025-05-27 00:00:00+00:00, run_after=2025-05-28 00:00:00+00:00
[2025-05-27T08:40:10.979+0000] {processor.py:208} INFO - Processing /opt/airflow/dags/pipeline.py took 0.176 seconds
[2025-05-27T08:40:41.283+0000] {processor.py:186} INFO - Started process (PID=877) to work on /opt/airflow/dags/pipeline.py
[2025-05-27T08:40:41.284+0000] {processor.py:914} INFO - Processing file /opt/airflow/dags/pipeline.py for tasks to queue
[2025-05-27T08:40:41.289+0000] {logging_mixin.py:190} INFO - [2025-05-27T08:40:41.289+0000] {dagbag.py:588} INFO - Filling up the DagBag from /opt/airflow/dags/pipeline.py
[2025-05-27T08:40:41.467+0000] {processor.py:925} INFO - DAG(s) 'pipeline' retrieved from /opt/airflow/dags/pipeline.py
[2025-05-27T08:40:41.496+0000] {logging_mixin.py:190} INFO - [2025-05-27T08:40:41.496+0000] {dag.py:3239} INFO - Sync 1 DAGs
[2025-05-27T08:40:41.517+0000] {logging_mixin.py:190} INFO - [2025-05-27T08:40:41.516+0000] {dag.py:4180} INFO - Setting next_dagrun for pipeline to 2025-05-27 00:00:00+00:00, run_after=2025-05-28 00:00:00+00:00
[2025-05-27T08:40:41.535+0000] {processor.py:208} INFO - Processing /opt/airflow/dags/pipeline.py took 0.257 seconds
[2025-05-27T08:41:11.668+0000] {processor.py:186} INFO - Started process (PID=882) to work on /opt/airflow/dags/pipeline.py
[2025-05-27T08:41:11.670+0000] {processor.py:914} INFO - Processing file /opt/airflow/dags/pipeline.py for tasks to queue
[2025-05-27T08:41:11.673+0000] {logging_mixin.py:190} INFO - [2025-05-27T08:41:11.672+0000] {dagbag.py:588} INFO - Filling up the DagBag from /opt/airflow/dags/pipeline.py
[2025-05-27T08:41:11.729+0000] {processor.py:925} INFO - DAG(s) 'pipeline' retrieved from /opt/airflow/dags/pipeline.py
[2025-05-27T08:41:11.754+0000] {logging_mixin.py:190} INFO - [2025-05-27T08:41:11.754+0000] {dag.py:3239} INFO - Sync 1 DAGs
[2025-05-27T08:41:11.771+0000] {logging_mixin.py:190} INFO - [2025-05-27T08:41:11.771+0000] {dag.py:4180} INFO - Setting next_dagrun for pipeline to 2025-05-27 00:00:00+00:00, run_after=2025-05-28 00:00:00+00:00
[2025-05-27T08:41:11.791+0000] {processor.py:208} INFO - Processing /opt/airflow/dags/pipeline.py took 0.128 seconds
[2025-05-27T08:41:42.043+0000] {processor.py:186} INFO - Started process (PID=887) to work on /opt/airflow/dags/pipeline.py
[2025-05-27T08:41:42.045+0000] {processor.py:914} INFO - Processing file /opt/airflow/dags/pipeline.py for tasks to queue
[2025-05-27T08:41:42.046+0000] {logging_mixin.py:190} INFO - [2025-05-27T08:41:42.046+0000] {dagbag.py:588} INFO - Filling up the DagBag from /opt/airflow/dags/pipeline.py
[2025-05-27T08:41:42.064+0000] {processor.py:925} INFO - DAG(s) 'pipeline' retrieved from /opt/airflow/dags/pipeline.py
[2025-05-27T08:41:42.084+0000] {logging_mixin.py:190} INFO - [2025-05-27T08:41:42.084+0000] {dag.py:3239} INFO - Sync 1 DAGs
[2025-05-27T08:41:42.100+0000] {logging_mixin.py:190} INFO - [2025-05-27T08:41:42.100+0000] {dag.py:4180} INFO - Setting next_dagrun for pipeline to 2025-05-27 00:00:00+00:00, run_after=2025-05-28 00:00:00+00:00
[2025-05-27T08:41:42.119+0000] {processor.py:208} INFO - Processing /opt/airflow/dags/pipeline.py took 0.081 seconds
[2025-05-27T08:42:12.449+0000] {processor.py:186} INFO - Started process (PID=892) to work on /opt/airflow/dags/pipeline.py
[2025-05-27T08:42:12.450+0000] {processor.py:914} INFO - Processing file /opt/airflow/dags/pipeline.py for tasks to queue
[2025-05-27T08:42:12.452+0000] {logging_mixin.py:190} INFO - [2025-05-27T08:42:12.451+0000] {dagbag.py:588} INFO - Filling up the DagBag from /opt/airflow/dags/pipeline.py
[2025-05-27T08:42:12.472+0000] {processor.py:925} INFO - DAG(s) 'pipeline' retrieved from /opt/airflow/dags/pipeline.py
[2025-05-27T08:42:12.495+0000] {logging_mixin.py:190} INFO - [2025-05-27T08:42:12.495+0000] {dag.py:3239} INFO - Sync 1 DAGs
[2025-05-27T08:42:12.517+0000] {logging_mixin.py:190} INFO - [2025-05-27T08:42:12.517+0000] {dag.py:4180} INFO - Setting next_dagrun for pipeline to 2025-05-27 00:00:00+00:00, run_after=2025-05-28 00:00:00+00:00
[2025-05-27T08:42:12.546+0000] {processor.py:208} INFO - Processing /opt/airflow/dags/pipeline.py took 0.101 seconds
[2025-05-27T08:42:42.811+0000] {processor.py:186} INFO - Started process (PID=897) to work on /opt/airflow/dags/pipeline.py
[2025-05-27T08:42:42.813+0000] {processor.py:914} INFO - Processing file /opt/airflow/dags/pipeline.py for tasks to queue
[2025-05-27T08:42:42.815+0000] {logging_mixin.py:190} INFO - [2025-05-27T08:42:42.814+0000] {dagbag.py:588} INFO - Filling up the DagBag from /opt/airflow/dags/pipeline.py
[2025-05-27T08:42:42.831+0000] {processor.py:925} INFO - DAG(s) 'pipeline' retrieved from /opt/airflow/dags/pipeline.py
[2025-05-27T08:42:42.851+0000] {logging_mixin.py:190} INFO - [2025-05-27T08:42:42.851+0000] {dag.py:3239} INFO - Sync 1 DAGs
[2025-05-27T08:42:42.871+0000] {logging_mixin.py:190} INFO - [2025-05-27T08:42:42.870+0000] {dag.py:4180} INFO - Setting next_dagrun for pipeline to 2025-05-27 00:00:00+00:00, run_after=2025-05-28 00:00:00+00:00
[2025-05-27T08:42:42.884+0000] {processor.py:208} INFO - Processing /opt/airflow/dags/pipeline.py took 0.077 seconds
[2025-05-27T08:43:13.211+0000] {processor.py:186} INFO - Started process (PID=902) to work on /opt/airflow/dags/pipeline.py
[2025-05-27T08:43:13.212+0000] {processor.py:914} INFO - Processing file /opt/airflow/dags/pipeline.py for tasks to queue
[2025-05-27T08:43:13.213+0000] {logging_mixin.py:190} INFO - [2025-05-27T08:43:13.213+0000] {dagbag.py:588} INFO - Filling up the DagBag from /opt/airflow/dags/pipeline.py
[2025-05-27T08:43:13.230+0000] {processor.py:925} INFO - DAG(s) 'pipeline' retrieved from /opt/airflow/dags/pipeline.py
[2025-05-27T08:43:13.252+0000] {logging_mixin.py:190} INFO - [2025-05-27T08:43:13.252+0000] {dag.py:3239} INFO - Sync 1 DAGs
[2025-05-27T08:43:13.269+0000] {logging_mixin.py:190} INFO - [2025-05-27T08:43:13.269+0000] {dag.py:4180} INFO - Setting next_dagrun for pipeline to 2025-05-27 00:00:00+00:00, run_after=2025-05-28 00:00:00+00:00
[2025-05-27T08:43:13.288+0000] {processor.py:208} INFO - Processing /opt/airflow/dags/pipeline.py took 0.082 seconds
[2025-05-27T08:43:43.780+0000] {processor.py:186} INFO - Started process (PID=907) to work on /opt/airflow/dags/pipeline.py
[2025-05-27T08:43:43.782+0000] {processor.py:914} INFO - Processing file /opt/airflow/dags/pipeline.py for tasks to queue
[2025-05-27T08:43:43.785+0000] {logging_mixin.py:190} INFO - [2025-05-27T08:43:43.785+0000] {dagbag.py:588} INFO - Filling up the DagBag from /opt/airflow/dags/pipeline.py
[2025-05-27T08:43:43.817+0000] {processor.py:925} INFO - DAG(s) 'pipeline' retrieved from /opt/airflow/dags/pipeline.py
[2025-05-27T08:43:43.837+0000] {logging_mixin.py:190} INFO - [2025-05-27T08:43:43.837+0000] {dag.py:3239} INFO - Sync 1 DAGs
[2025-05-27T08:43:43.854+0000] {logging_mixin.py:190} INFO - [2025-05-27T08:43:43.853+0000] {dag.py:4180} INFO - Setting next_dagrun for pipeline to 2025-05-27 00:00:00+00:00, run_after=2025-05-28 00:00:00+00:00
[2025-05-27T08:43:43.922+0000] {processor.py:208} INFO - Processing /opt/airflow/dags/pipeline.py took 0.149 seconds
[2025-05-27T08:44:14.161+0000] {processor.py:186} INFO - Started process (PID=912) to work on /opt/airflow/dags/pipeline.py
[2025-05-27T08:44:14.162+0000] {processor.py:914} INFO - Processing file /opt/airflow/dags/pipeline.py for tasks to queue
[2025-05-27T08:44:14.163+0000] {logging_mixin.py:190} INFO - [2025-05-27T08:44:14.163+0000] {dagbag.py:588} INFO - Filling up the DagBag from /opt/airflow/dags/pipeline.py
[2025-05-27T08:44:14.181+0000] {processor.py:925} INFO - DAG(s) 'pipeline' retrieved from /opt/airflow/dags/pipeline.py
[2025-05-27T08:44:14.200+0000] {logging_mixin.py:190} INFO - [2025-05-27T08:44:14.200+0000] {dag.py:3239} INFO - Sync 1 DAGs
[2025-05-27T08:44:14.216+0000] {logging_mixin.py:190} INFO - [2025-05-27T08:44:14.216+0000] {dag.py:4180} INFO - Setting next_dagrun for pipeline to 2025-05-27 00:00:00+00:00, run_after=2025-05-28 00:00:00+00:00
[2025-05-27T08:44:14.231+0000] {processor.py:208} INFO - Processing /opt/airflow/dags/pipeline.py took 0.074 seconds
[2025-05-27T08:44:44.566+0000] {processor.py:186} INFO - Started process (PID=917) to work on /opt/airflow/dags/pipeline.py
[2025-05-27T08:44:44.567+0000] {processor.py:914} INFO - Processing file /opt/airflow/dags/pipeline.py for tasks to queue
[2025-05-27T08:44:44.569+0000] {logging_mixin.py:190} INFO - [2025-05-27T08:44:44.569+0000] {dagbag.py:588} INFO - Filling up the DagBag from /opt/airflow/dags/pipeline.py
[2025-05-27T08:44:44.630+0000] {processor.py:925} INFO - DAG(s) 'pipeline' retrieved from /opt/airflow/dags/pipeline.py
[2025-05-27T08:44:44.666+0000] {logging_mixin.py:190} INFO - [2025-05-27T08:44:44.665+0000] {dag.py:3239} INFO - Sync 1 DAGs
[2025-05-27T08:44:44.683+0000] {logging_mixin.py:190} INFO - [2025-05-27T08:44:44.683+0000] {dag.py:4180} INFO - Setting next_dagrun for pipeline to 2025-05-27 00:00:00+00:00, run_after=2025-05-28 00:00:00+00:00
[2025-05-27T08:44:44.701+0000] {processor.py:208} INFO - Processing /opt/airflow/dags/pipeline.py took 0.141 seconds
[2025-05-27T08:45:14.878+0000] {processor.py:186} INFO - Started process (PID=922) to work on /opt/airflow/dags/pipeline.py
[2025-05-27T08:45:14.879+0000] {processor.py:914} INFO - Processing file /opt/airflow/dags/pipeline.py for tasks to queue
[2025-05-27T08:45:14.881+0000] {logging_mixin.py:190} INFO - [2025-05-27T08:45:14.880+0000] {dagbag.py:588} INFO - Filling up the DagBag from /opt/airflow/dags/pipeline.py
[2025-05-27T08:45:14.906+0000] {processor.py:925} INFO - DAG(s) 'pipeline' retrieved from /opt/airflow/dags/pipeline.py
[2025-05-27T08:45:14.928+0000] {logging_mixin.py:190} INFO - [2025-05-27T08:45:14.928+0000] {dag.py:3239} INFO - Sync 1 DAGs
[2025-05-27T08:45:14.947+0000] {logging_mixin.py:190} INFO - [2025-05-27T08:45:14.947+0000] {dag.py:4180} INFO - Setting next_dagrun for pipeline to 2025-05-27 00:00:00+00:00, run_after=2025-05-28 00:00:00+00:00
[2025-05-27T08:45:14.965+0000] {processor.py:208} INFO - Processing /opt/airflow/dags/pipeline.py took 0.092 seconds
[2025-05-27T08:45:45.174+0000] {processor.py:186} INFO - Started process (PID=927) to work on /opt/airflow/dags/pipeline.py
[2025-05-27T08:45:45.175+0000] {processor.py:914} INFO - Processing file /opt/airflow/dags/pipeline.py for tasks to queue
[2025-05-27T08:45:45.176+0000] {logging_mixin.py:190} INFO - [2025-05-27T08:45:45.176+0000] {dagbag.py:588} INFO - Filling up the DagBag from /opt/airflow/dags/pipeline.py
[2025-05-27T08:45:45.196+0000] {processor.py:925} INFO - DAG(s) 'pipeline' retrieved from /opt/airflow/dags/pipeline.py
[2025-05-27T08:45:45.222+0000] {logging_mixin.py:190} INFO - [2025-05-27T08:45:45.222+0000] {dag.py:3239} INFO - Sync 1 DAGs
[2025-05-27T08:45:45.242+0000] {logging_mixin.py:190} INFO - [2025-05-27T08:45:45.242+0000] {dag.py:4180} INFO - Setting next_dagrun for pipeline to 2025-05-27 00:00:00+00:00, run_after=2025-05-28 00:00:00+00:00
[2025-05-27T08:45:45.259+0000] {processor.py:208} INFO - Processing /opt/airflow/dags/pipeline.py took 0.090 seconds
[2025-05-27T08:46:15.658+0000] {processor.py:186} INFO - Started process (PID=932) to work on /opt/airflow/dags/pipeline.py
[2025-05-27T08:46:15.660+0000] {processor.py:914} INFO - Processing file /opt/airflow/dags/pipeline.py for tasks to queue
[2025-05-27T08:46:15.661+0000] {logging_mixin.py:190} INFO - [2025-05-27T08:46:15.660+0000] {dagbag.py:588} INFO - Filling up the DagBag from /opt/airflow/dags/pipeline.py
[2025-05-27T08:46:15.757+0000] {processor.py:925} INFO - DAG(s) 'pipeline' retrieved from /opt/airflow/dags/pipeline.py
[2025-05-27T08:46:15.780+0000] {logging_mixin.py:190} INFO - [2025-05-27T08:46:15.780+0000] {dag.py:3239} INFO - Sync 1 DAGs
[2025-05-27T08:46:15.799+0000] {logging_mixin.py:190} INFO - [2025-05-27T08:46:15.799+0000] {dag.py:4180} INFO - Setting next_dagrun for pipeline to 2025-05-27 00:00:00+00:00, run_after=2025-05-28 00:00:00+00:00
[2025-05-27T08:46:15.828+0000] {processor.py:208} INFO - Processing /opt/airflow/dags/pipeline.py took 0.175 seconds
[2025-05-27T08:46:46.028+0000] {processor.py:186} INFO - Started process (PID=937) to work on /opt/airflow/dags/pipeline.py
[2025-05-27T08:46:46.032+0000] {processor.py:914} INFO - Processing file /opt/airflow/dags/pipeline.py for tasks to queue
[2025-05-27T08:46:46.036+0000] {logging_mixin.py:190} INFO - [2025-05-27T08:46:46.035+0000] {dagbag.py:588} INFO - Filling up the DagBag from /opt/airflow/dags/pipeline.py
[2025-05-27T08:46:46.073+0000] {processor.py:925} INFO - DAG(s) 'pipeline' retrieved from /opt/airflow/dags/pipeline.py
[2025-05-27T08:46:46.105+0000] {logging_mixin.py:190} INFO - [2025-05-27T08:46:46.105+0000] {dag.py:3239} INFO - Sync 1 DAGs
[2025-05-27T08:46:46.124+0000] {logging_mixin.py:190} INFO - [2025-05-27T08:46:46.123+0000] {dag.py:4180} INFO - Setting next_dagrun for pipeline to 2025-05-27 00:00:00+00:00, run_after=2025-05-28 00:00:00+00:00
[2025-05-27T08:46:46.140+0000] {processor.py:208} INFO - Processing /opt/airflow/dags/pipeline.py took 0.126 seconds
[2025-05-27T08:47:16.359+0000] {processor.py:186} INFO - Started process (PID=942) to work on /opt/airflow/dags/pipeline.py
[2025-05-27T08:47:16.360+0000] {processor.py:914} INFO - Processing file /opt/airflow/dags/pipeline.py for tasks to queue
[2025-05-27T08:47:16.361+0000] {logging_mixin.py:190} INFO - [2025-05-27T08:47:16.361+0000] {dagbag.py:588} INFO - Filling up the DagBag from /opt/airflow/dags/pipeline.py
[2025-05-27T08:47:16.378+0000] {processor.py:925} INFO - DAG(s) 'pipeline' retrieved from /opt/airflow/dags/pipeline.py
[2025-05-27T08:47:16.408+0000] {logging_mixin.py:190} INFO - [2025-05-27T08:47:16.407+0000] {dag.py:3239} INFO - Sync 1 DAGs
[2025-05-27T08:47:16.427+0000] {logging_mixin.py:190} INFO - [2025-05-27T08:47:16.427+0000] {dag.py:4180} INFO - Setting next_dagrun for pipeline to 2025-05-27 00:00:00+00:00, run_after=2025-05-28 00:00:00+00:00
[2025-05-27T08:47:16.449+0000] {processor.py:208} INFO - Processing /opt/airflow/dags/pipeline.py took 0.094 seconds
[2025-05-27T08:47:46.900+0000] {processor.py:186} INFO - Started process (PID=947) to work on /opt/airflow/dags/pipeline.py
[2025-05-27T08:47:46.901+0000] {processor.py:914} INFO - Processing file /opt/airflow/dags/pipeline.py for tasks to queue
[2025-05-27T08:47:46.903+0000] {logging_mixin.py:190} INFO - [2025-05-27T08:47:46.903+0000] {dagbag.py:588} INFO - Filling up the DagBag from /opt/airflow/dags/pipeline.py
[2025-05-27T08:47:46.929+0000] {processor.py:925} INFO - DAG(s) 'pipeline' retrieved from /opt/airflow/dags/pipeline.py
[2025-05-27T08:47:46.958+0000] {logging_mixin.py:190} INFO - [2025-05-27T08:47:46.958+0000] {dag.py:3239} INFO - Sync 1 DAGs
[2025-05-27T08:47:46.979+0000] {logging_mixin.py:190} INFO - [2025-05-27T08:47:46.979+0000] {dag.py:4180} INFO - Setting next_dagrun for pipeline to 2025-05-27 00:00:00+00:00, run_after=2025-05-28 00:00:00+00:00
[2025-05-27T08:47:46.995+0000] {processor.py:208} INFO - Processing /opt/airflow/dags/pipeline.py took 0.099 seconds
[2025-05-27T08:48:17.236+0000] {processor.py:186} INFO - Started process (PID=952) to work on /opt/airflow/dags/pipeline.py
[2025-05-27T08:48:17.238+0000] {processor.py:914} INFO - Processing file /opt/airflow/dags/pipeline.py for tasks to queue
[2025-05-27T08:48:17.239+0000] {logging_mixin.py:190} INFO - [2025-05-27T08:48:17.239+0000] {dagbag.py:588} INFO - Filling up the DagBag from /opt/airflow/dags/pipeline.py
[2025-05-27T08:48:17.283+0000] {processor.py:925} INFO - DAG(s) 'pipeline' retrieved from /opt/airflow/dags/pipeline.py
[2025-05-27T08:48:17.315+0000] {logging_mixin.py:190} INFO - [2025-05-27T08:48:17.314+0000] {dag.py:3239} INFO - Sync 1 DAGs
[2025-05-27T08:48:17.335+0000] {logging_mixin.py:190} INFO - [2025-05-27T08:48:17.335+0000] {dag.py:4180} INFO - Setting next_dagrun for pipeline to 2025-05-27 00:00:00+00:00, run_after=2025-05-28 00:00:00+00:00
[2025-05-27T08:48:17.360+0000] {processor.py:208} INFO - Processing /opt/airflow/dags/pipeline.py took 0.129 seconds
[2025-05-27T08:48:47.912+0000] {processor.py:186} INFO - Started process (PID=957) to work on /opt/airflow/dags/pipeline.py
[2025-05-27T08:48:47.913+0000] {processor.py:914} INFO - Processing file /opt/airflow/dags/pipeline.py for tasks to queue
[2025-05-27T08:48:47.914+0000] {logging_mixin.py:190} INFO - [2025-05-27T08:48:47.914+0000] {dagbag.py:588} INFO - Filling up the DagBag from /opt/airflow/dags/pipeline.py
[2025-05-27T08:48:47.932+0000] {processor.py:925} INFO - DAG(s) 'pipeline' retrieved from /opt/airflow/dags/pipeline.py
[2025-05-27T08:48:47.958+0000] {logging_mixin.py:190} INFO - [2025-05-27T08:48:47.958+0000] {dag.py:3239} INFO - Sync 1 DAGs
[2025-05-27T08:48:47.980+0000] {logging_mixin.py:190} INFO - [2025-05-27T08:48:47.979+0000] {dag.py:4180} INFO - Setting next_dagrun for pipeline to 2025-05-27 00:00:00+00:00, run_after=2025-05-28 00:00:00+00:00
[2025-05-27T08:48:48.000+0000] {processor.py:208} INFO - Processing /opt/airflow/dags/pipeline.py took 0.093 seconds
[2025-05-27T08:49:18.312+0000] {processor.py:186} INFO - Started process (PID=962) to work on /opt/airflow/dags/pipeline.py
[2025-05-27T08:49:18.313+0000] {processor.py:914} INFO - Processing file /opt/airflow/dags/pipeline.py for tasks to queue
[2025-05-27T08:49:18.314+0000] {logging_mixin.py:190} INFO - [2025-05-27T08:49:18.314+0000] {dagbag.py:588} INFO - Filling up the DagBag from /opt/airflow/dags/pipeline.py
[2025-05-27T08:49:18.331+0000] {processor.py:925} INFO - DAG(s) 'pipeline' retrieved from /opt/airflow/dags/pipeline.py
[2025-05-27T08:49:18.355+0000] {logging_mixin.py:190} INFO - [2025-05-27T08:49:18.355+0000] {dag.py:3239} INFO - Sync 1 DAGs
[2025-05-27T08:49:18.377+0000] {logging_mixin.py:190} INFO - [2025-05-27T08:49:18.376+0000] {dag.py:4180} INFO - Setting next_dagrun for pipeline to 2025-05-27 00:00:00+00:00, run_after=2025-05-28 00:00:00+00:00
[2025-05-27T08:49:18.395+0000] {processor.py:208} INFO - Processing /opt/airflow/dags/pipeline.py took 0.088 seconds
[2025-05-27T08:49:48.728+0000] {processor.py:186} INFO - Started process (PID=967) to work on /opt/airflow/dags/pipeline.py
[2025-05-27T08:49:48.729+0000] {processor.py:914} INFO - Processing file /opt/airflow/dags/pipeline.py for tasks to queue
[2025-05-27T08:49:48.730+0000] {logging_mixin.py:190} INFO - [2025-05-27T08:49:48.730+0000] {dagbag.py:588} INFO - Filling up the DagBag from /opt/airflow/dags/pipeline.py
[2025-05-27T08:49:48.746+0000] {processor.py:925} INFO - DAG(s) 'pipeline' retrieved from /opt/airflow/dags/pipeline.py
[2025-05-27T08:49:48.767+0000] {logging_mixin.py:190} INFO - [2025-05-27T08:49:48.767+0000] {dag.py:3239} INFO - Sync 1 DAGs
[2025-05-27T08:49:48.788+0000] {logging_mixin.py:190} INFO - [2025-05-27T08:49:48.788+0000] {dag.py:4180} INFO - Setting next_dagrun for pipeline to 2025-05-27 00:00:00+00:00, run_after=2025-05-28 00:00:00+00:00
[2025-05-27T08:49:48.805+0000] {processor.py:208} INFO - Processing /opt/airflow/dags/pipeline.py took 0.082 seconds
[2025-05-27T08:50:19.079+0000] {processor.py:186} INFO - Started process (PID=972) to work on /opt/airflow/dags/pipeline.py
[2025-05-27T08:50:19.080+0000] {processor.py:914} INFO - Processing file /opt/airflow/dags/pipeline.py for tasks to queue
[2025-05-27T08:50:19.081+0000] {logging_mixin.py:190} INFO - [2025-05-27T08:50:19.081+0000] {dagbag.py:588} INFO - Filling up the DagBag from /opt/airflow/dags/pipeline.py
[2025-05-27T08:50:19.100+0000] {processor.py:925} INFO - DAG(s) 'pipeline' retrieved from /opt/airflow/dags/pipeline.py
[2025-05-27T08:50:19.122+0000] {logging_mixin.py:190} INFO - [2025-05-27T08:50:19.122+0000] {dag.py:3239} INFO - Sync 1 DAGs
[2025-05-27T08:50:19.141+0000] {logging_mixin.py:190} INFO - [2025-05-27T08:50:19.141+0000] {dag.py:4180} INFO - Setting next_dagrun for pipeline to 2025-05-27 00:00:00+00:00, run_after=2025-05-28 00:00:00+00:00
[2025-05-27T08:50:19.160+0000] {processor.py:208} INFO - Processing /opt/airflow/dags/pipeline.py took 0.086 seconds
[2025-05-27T08:50:49.343+0000] {processor.py:186} INFO - Started process (PID=977) to work on /opt/airflow/dags/pipeline.py
[2025-05-27T08:50:49.344+0000] {processor.py:914} INFO - Processing file /opt/airflow/dags/pipeline.py for tasks to queue
[2025-05-27T08:50:49.345+0000] {logging_mixin.py:190} INFO - [2025-05-27T08:50:49.344+0000] {dagbag.py:588} INFO - Filling up the DagBag from /opt/airflow/dags/pipeline.py
[2025-05-27T08:50:49.389+0000] {processor.py:925} INFO - DAG(s) 'pipeline' retrieved from /opt/airflow/dags/pipeline.py
[2025-05-27T08:50:49.415+0000] {logging_mixin.py:190} INFO - [2025-05-27T08:50:49.414+0000] {dag.py:3239} INFO - Sync 1 DAGs
[2025-05-27T08:50:49.435+0000] {logging_mixin.py:190} INFO - [2025-05-27T08:50:49.435+0000] {dag.py:4180} INFO - Setting next_dagrun for pipeline to 2025-05-27 00:00:00+00:00, run_after=2025-05-28 00:00:00+00:00
[2025-05-27T08:50:49.460+0000] {processor.py:208} INFO - Processing /opt/airflow/dags/pipeline.py took 0.122 seconds
[2025-05-27T08:51:19.739+0000] {processor.py:186} INFO - Started process (PID=982) to work on /opt/airflow/dags/pipeline.py
[2025-05-27T08:51:19.740+0000] {processor.py:914} INFO - Processing file /opt/airflow/dags/pipeline.py for tasks to queue
[2025-05-27T08:51:19.743+0000] {logging_mixin.py:190} INFO - [2025-05-27T08:51:19.742+0000] {dagbag.py:588} INFO - Filling up the DagBag from /opt/airflow/dags/pipeline.py
[2025-05-27T08:51:19.778+0000] {processor.py:925} INFO - DAG(s) 'pipeline' retrieved from /opt/airflow/dags/pipeline.py
[2025-05-27T08:51:19.803+0000] {logging_mixin.py:190} INFO - [2025-05-27T08:51:19.802+0000] {dag.py:3239} INFO - Sync 1 DAGs
[2025-05-27T08:51:19.851+0000] {logging_mixin.py:190} INFO - [2025-05-27T08:51:19.851+0000] {dag.py:4180} INFO - Setting next_dagrun for pipeline to 2025-05-27 00:00:00+00:00, run_after=2025-05-28 00:00:00+00:00
[2025-05-27T08:51:19.882+0000] {processor.py:208} INFO - Processing /opt/airflow/dags/pipeline.py took 0.149 seconds
[2025-05-27T08:51:50.212+0000] {processor.py:186} INFO - Started process (PID=987) to work on /opt/airflow/dags/pipeline.py
[2025-05-27T08:51:50.214+0000] {processor.py:914} INFO - Processing file /opt/airflow/dags/pipeline.py for tasks to queue
[2025-05-27T08:51:50.215+0000] {logging_mixin.py:190} INFO - [2025-05-27T08:51:50.215+0000] {dagbag.py:588} INFO - Filling up the DagBag from /opt/airflow/dags/pipeline.py
[2025-05-27T08:51:50.253+0000] {processor.py:925} INFO - DAG(s) 'pipeline' retrieved from /opt/airflow/dags/pipeline.py
[2025-05-27T08:51:50.285+0000] {logging_mixin.py:190} INFO - [2025-05-27T08:51:50.285+0000] {dag.py:3239} INFO - Sync 1 DAGs
[2025-05-27T08:51:50.312+0000] {logging_mixin.py:190} INFO - [2025-05-27T08:51:50.312+0000] {dag.py:4180} INFO - Setting next_dagrun for pipeline to 2025-05-27 00:00:00+00:00, run_after=2025-05-28 00:00:00+00:00
[2025-05-27T08:51:50.357+0000] {processor.py:208} INFO - Processing /opt/airflow/dags/pipeline.py took 0.150 seconds
[2025-05-27T08:52:20.565+0000] {processor.py:186} INFO - Started process (PID=992) to work on /opt/airflow/dags/pipeline.py
[2025-05-27T08:52:20.566+0000] {processor.py:914} INFO - Processing file /opt/airflow/dags/pipeline.py for tasks to queue
[2025-05-27T08:52:20.567+0000] {logging_mixin.py:190} INFO - [2025-05-27T08:52:20.567+0000] {dagbag.py:588} INFO - Filling up the DagBag from /opt/airflow/dags/pipeline.py
[2025-05-27T08:52:20.592+0000] {processor.py:925} INFO - DAG(s) 'pipeline' retrieved from /opt/airflow/dags/pipeline.py
[2025-05-27T08:52:20.613+0000] {logging_mixin.py:190} INFO - [2025-05-27T08:52:20.613+0000] {dag.py:3239} INFO - Sync 1 DAGs
[2025-05-27T08:52:20.630+0000] {logging_mixin.py:190} INFO - [2025-05-27T08:52:20.629+0000] {dag.py:4180} INFO - Setting next_dagrun for pipeline to 2025-05-27 00:00:00+00:00, run_after=2025-05-28 00:00:00+00:00
[2025-05-27T08:52:20.648+0000] {processor.py:208} INFO - Processing /opt/airflow/dags/pipeline.py took 0.088 seconds
[2025-05-27T08:52:50.880+0000] {processor.py:186} INFO - Started process (PID=997) to work on /opt/airflow/dags/pipeline.py
[2025-05-27T08:52:50.881+0000] {processor.py:914} INFO - Processing file /opt/airflow/dags/pipeline.py for tasks to queue
[2025-05-27T08:52:50.883+0000] {logging_mixin.py:190} INFO - [2025-05-27T08:52:50.883+0000] {dagbag.py:588} INFO - Filling up the DagBag from /opt/airflow/dags/pipeline.py
[2025-05-27T08:52:50.911+0000] {processor.py:925} INFO - DAG(s) 'pipeline' retrieved from /opt/airflow/dags/pipeline.py
[2025-05-27T08:52:50.935+0000] {logging_mixin.py:190} INFO - [2025-05-27T08:52:50.935+0000] {dag.py:3239} INFO - Sync 1 DAGs
[2025-05-27T08:52:50.956+0000] {logging_mixin.py:190} INFO - [2025-05-27T08:52:50.956+0000] {dag.py:4180} INFO - Setting next_dagrun for pipeline to 2025-05-27 00:00:00+00:00, run_after=2025-05-28 00:00:00+00:00
[2025-05-27T08:52:50.973+0000] {processor.py:208} INFO - Processing /opt/airflow/dags/pipeline.py took 0.099 seconds
[2025-05-27T08:53:21.308+0000] {processor.py:186} INFO - Started process (PID=1002) to work on /opt/airflow/dags/pipeline.py
[2025-05-27T08:53:21.310+0000] {processor.py:914} INFO - Processing file /opt/airflow/dags/pipeline.py for tasks to queue
[2025-05-27T08:53:21.313+0000] {logging_mixin.py:190} INFO - [2025-05-27T08:53:21.312+0000] {dagbag.py:588} INFO - Filling up the DagBag from /opt/airflow/dags/pipeline.py
[2025-05-27T08:53:21.365+0000] {processor.py:925} INFO - DAG(s) 'pipeline' retrieved from /opt/airflow/dags/pipeline.py
[2025-05-27T08:53:21.399+0000] {logging_mixin.py:190} INFO - [2025-05-27T08:53:21.398+0000] {dag.py:3239} INFO - Sync 1 DAGs
[2025-05-27T08:53:21.427+0000] {logging_mixin.py:190} INFO - [2025-05-27T08:53:21.426+0000] {dag.py:4180} INFO - Setting next_dagrun for pipeline to 2025-05-27 00:00:00+00:00, run_after=2025-05-28 00:00:00+00:00
[2025-05-27T08:53:21.456+0000] {processor.py:208} INFO - Processing /opt/airflow/dags/pipeline.py took 0.156 seconds
[2025-05-27T08:53:51.812+0000] {processor.py:186} INFO - Started process (PID=1007) to work on /opt/airflow/dags/pipeline.py
[2025-05-27T08:53:51.813+0000] {processor.py:914} INFO - Processing file /opt/airflow/dags/pipeline.py for tasks to queue
[2025-05-27T08:53:51.815+0000] {logging_mixin.py:190} INFO - [2025-05-27T08:53:51.814+0000] {dagbag.py:588} INFO - Filling up the DagBag from /opt/airflow/dags/pipeline.py
[2025-05-27T08:53:51.836+0000] {processor.py:925} INFO - DAG(s) 'pipeline' retrieved from /opt/airflow/dags/pipeline.py
[2025-05-27T08:53:51.858+0000] {logging_mixin.py:190} INFO - [2025-05-27T08:53:51.858+0000] {dag.py:3239} INFO - Sync 1 DAGs
[2025-05-27T08:53:51.876+0000] {logging_mixin.py:190} INFO - [2025-05-27T08:53:51.876+0000] {dag.py:4180} INFO - Setting next_dagrun for pipeline to 2025-05-27 00:00:00+00:00, run_after=2025-05-28 00:00:00+00:00
[2025-05-27T08:53:51.894+0000] {processor.py:208} INFO - Processing /opt/airflow/dags/pipeline.py took 0.089 seconds
[2025-05-27T08:54:22.233+0000] {processor.py:186} INFO - Started process (PID=1012) to work on /opt/airflow/dags/pipeline.py
[2025-05-27T08:54:22.234+0000] {processor.py:914} INFO - Processing file /opt/airflow/dags/pipeline.py for tasks to queue
[2025-05-27T08:54:22.235+0000] {logging_mixin.py:190} INFO - [2025-05-27T08:54:22.235+0000] {dagbag.py:588} INFO - Filling up the DagBag from /opt/airflow/dags/pipeline.py
[2025-05-27T08:54:22.261+0000] {processor.py:925} INFO - DAG(s) 'pipeline' retrieved from /opt/airflow/dags/pipeline.py
[2025-05-27T08:54:22.288+0000] {logging_mixin.py:190} INFO - [2025-05-27T08:54:22.288+0000] {dag.py:3239} INFO - Sync 1 DAGs
[2025-05-27T08:54:22.309+0000] {logging_mixin.py:190} INFO - [2025-05-27T08:54:22.309+0000] {dag.py:4180} INFO - Setting next_dagrun for pipeline to 2025-05-27 00:00:00+00:00, run_after=2025-05-28 00:00:00+00:00
[2025-05-27T08:54:22.327+0000] {processor.py:208} INFO - Processing /opt/airflow/dags/pipeline.py took 0.103 seconds
[2025-05-27T08:54:52.509+0000] {processor.py:186} INFO - Started process (PID=1017) to work on /opt/airflow/dags/pipeline.py
[2025-05-27T08:54:52.510+0000] {processor.py:914} INFO - Processing file /opt/airflow/dags/pipeline.py for tasks to queue
[2025-05-27T08:54:52.512+0000] {logging_mixin.py:190} INFO - [2025-05-27T08:54:52.512+0000] {dagbag.py:588} INFO - Filling up the DagBag from /opt/airflow/dags/pipeline.py
[2025-05-27T08:54:52.532+0000] {processor.py:925} INFO - DAG(s) 'pipeline' retrieved from /opt/airflow/dags/pipeline.py
[2025-05-27T08:54:52.553+0000] {logging_mixin.py:190} INFO - [2025-05-27T08:54:52.552+0000] {dag.py:3239} INFO - Sync 1 DAGs
[2025-05-27T08:54:52.570+0000] {logging_mixin.py:190} INFO - [2025-05-27T08:54:52.570+0000] {dag.py:4180} INFO - Setting next_dagrun for pipeline to 2025-05-27 00:00:00+00:00, run_after=2025-05-28 00:00:00+00:00
[2025-05-27T08:54:52.588+0000] {processor.py:208} INFO - Processing /opt/airflow/dags/pipeline.py took 0.084 seconds
[2025-05-27T08:55:23.160+0000] {processor.py:186} INFO - Started process (PID=1022) to work on /opt/airflow/dags/pipeline.py
[2025-05-27T08:55:23.161+0000] {processor.py:914} INFO - Processing file /opt/airflow/dags/pipeline.py for tasks to queue
[2025-05-27T08:55:23.162+0000] {logging_mixin.py:190} INFO - [2025-05-27T08:55:23.162+0000] {dagbag.py:588} INFO - Filling up the DagBag from /opt/airflow/dags/pipeline.py
[2025-05-27T08:55:23.183+0000] {processor.py:925} INFO - DAG(s) 'pipeline' retrieved from /opt/airflow/dags/pipeline.py
[2025-05-27T08:55:23.203+0000] {logging_mixin.py:190} INFO - [2025-05-27T08:55:23.203+0000] {dag.py:3239} INFO - Sync 1 DAGs
[2025-05-27T08:55:23.220+0000] {logging_mixin.py:190} INFO - [2025-05-27T08:55:23.220+0000] {dag.py:4180} INFO - Setting next_dagrun for pipeline to 2025-05-27 00:00:00+00:00, run_after=2025-05-28 00:00:00+00:00
[2025-05-27T08:55:23.237+0000] {processor.py:208} INFO - Processing /opt/airflow/dags/pipeline.py took 0.083 seconds
[2025-05-27T08:55:53.564+0000] {processor.py:186} INFO - Started process (PID=1027) to work on /opt/airflow/dags/pipeline.py
[2025-05-27T08:55:53.565+0000] {processor.py:914} INFO - Processing file /opt/airflow/dags/pipeline.py for tasks to queue
[2025-05-27T08:55:53.566+0000] {logging_mixin.py:190} INFO - [2025-05-27T08:55:53.566+0000] {dagbag.py:588} INFO - Filling up the DagBag from /opt/airflow/dags/pipeline.py
[2025-05-27T08:55:53.589+0000] {processor.py:925} INFO - DAG(s) 'pipeline' retrieved from /opt/airflow/dags/pipeline.py
[2025-05-27T08:55:53.613+0000] {logging_mixin.py:190} INFO - [2025-05-27T08:55:53.613+0000] {dag.py:3239} INFO - Sync 1 DAGs
[2025-05-27T08:55:53.631+0000] {logging_mixin.py:190} INFO - [2025-05-27T08:55:53.631+0000] {dag.py:4180} INFO - Setting next_dagrun for pipeline to 2025-05-27 00:00:00+00:00, run_after=2025-05-28 00:00:00+00:00
[2025-05-27T08:55:53.647+0000] {processor.py:208} INFO - Processing /opt/airflow/dags/pipeline.py took 0.088 seconds
[2025-05-27T08:56:54.330+0000] {processor.py:186} INFO - Started process (PID=1037) to work on /opt/airflow/dags/pipeline.py
[2025-05-27T08:56:54.331+0000] {processor.py:914} INFO - Processing file /opt/airflow/dags/pipeline.py for tasks to queue
[2025-05-27T08:56:54.332+0000] {logging_mixin.py:190} INFO - [2025-05-27T08:56:54.332+0000] {dagbag.py:588} INFO - Filling up the DagBag from /opt/airflow/dags/pipeline.py
[2025-05-27T08:56:54.353+0000] {processor.py:925} INFO - DAG(s) 'pipeline' retrieved from /opt/airflow/dags/pipeline.py
[2025-05-27T08:56:54.374+0000] {logging_mixin.py:190} INFO - [2025-05-27T08:56:54.374+0000] {dag.py:3239} INFO - Sync 1 DAGs
[2025-05-27T08:56:54.390+0000] {logging_mixin.py:190} INFO - [2025-05-27T08:56:54.390+0000] {dag.py:4180} INFO - Setting next_dagrun for pipeline to 2025-05-27 00:00:00+00:00, run_after=2025-05-28 00:00:00+00:00
[2025-05-27T08:56:54.407+0000] {processor.py:208} INFO - Processing /opt/airflow/dags/pipeline.py took 0.082 seconds
[2025-05-27T08:57:24.838+0000] {processor.py:186} INFO - Started process (PID=1042) to work on /opt/airflow/dags/pipeline.py
[2025-05-27T08:57:24.839+0000] {processor.py:914} INFO - Processing file /opt/airflow/dags/pipeline.py for tasks to queue
[2025-05-27T08:57:24.840+0000] {logging_mixin.py:190} INFO - [2025-05-27T08:57:24.840+0000] {dagbag.py:588} INFO - Filling up the DagBag from /opt/airflow/dags/pipeline.py
[2025-05-27T08:57:24.864+0000] {processor.py:925} INFO - DAG(s) 'pipeline' retrieved from /opt/airflow/dags/pipeline.py
[2025-05-27T08:57:24.887+0000] {logging_mixin.py:190} INFO - [2025-05-27T08:57:24.886+0000] {dag.py:3239} INFO - Sync 1 DAGs
[2025-05-27T08:57:24.907+0000] {logging_mixin.py:190} INFO - [2025-05-27T08:57:24.907+0000] {dag.py:4180} INFO - Setting next_dagrun for pipeline to 2025-05-27 00:00:00+00:00, run_after=2025-05-28 00:00:00+00:00
[2025-05-27T08:57:24.926+0000] {processor.py:208} INFO - Processing /opt/airflow/dags/pipeline.py took 0.093 seconds
[2025-05-27T08:57:55.230+0000] {processor.py:186} INFO - Started process (PID=1047) to work on /opt/airflow/dags/pipeline.py
[2025-05-27T08:57:55.231+0000] {processor.py:914} INFO - Processing file /opt/airflow/dags/pipeline.py for tasks to queue
[2025-05-27T08:57:55.232+0000] {logging_mixin.py:190} INFO - [2025-05-27T08:57:55.232+0000] {dagbag.py:588} INFO - Filling up the DagBag from /opt/airflow/dags/pipeline.py
[2025-05-27T08:57:55.256+0000] {processor.py:925} INFO - DAG(s) 'pipeline' retrieved from /opt/airflow/dags/pipeline.py
[2025-05-27T08:57:55.277+0000] {logging_mixin.py:190} INFO - [2025-05-27T08:57:55.277+0000] {dag.py:3239} INFO - Sync 1 DAGs
[2025-05-27T08:57:55.296+0000] {logging_mixin.py:190} INFO - [2025-05-27T08:57:55.296+0000] {dag.py:4180} INFO - Setting next_dagrun for pipeline to 2025-05-27 00:00:00+00:00, run_after=2025-05-28 00:00:00+00:00
[2025-05-27T08:57:55.313+0000] {processor.py:208} INFO - Processing /opt/airflow/dags/pipeline.py took 0.088 seconds
